dataset,label,path,pose_rate,lh_rate,rh_rate,any_hand_rate,both_hands_rate,inter_shoulder,bbox_w,bbox_h,bbox_area,shoulder_y,nose_y,pose_visible_frac,hand_oob,hand_border,width,height,aspect,fps,frame_count,n_frames_measured,duration_s,n_frames_read
train,Respetar,dataset_videos\Respetar\Respetar_3159fe97-95f4-4531-a679-86211f5522ee.mp4,1.0,1.0,0.9333333333333333,1.0,0.9333333333333333,0.20850848100104843,0.3509388632244534,0.7465351336532169,0.25999526997113925,0.4249931616915597,0.2590669307443831,0.7723905723905727,0.0,0.0,640.0,480.0,1.3333333333333333,1000.0,2928.0,89.0,nan,89.0
train,Aprender,dataset_videos\Aprender\Aprender_f4e4578e-7292-4331-a7f6-ece3aff0c35a.mp4,1.0,1.0,0.9111111111111111,1.0,0.9111111111111111,0.21501121821234412,0.36142190827263726,0.7694136268562741,0.2761890436246988,0.3737090763118532,0.19754519330130682,0.773737373737374,0.0,0.0,640.0,480.0,1.3333333333333333,1000.0,2992.0,91.0,nan,91.0
train,Abuelo,dataset_videos\Abuelo\Abuelo_6d041c1e-3c99-43e9-96ea-f68bb6e3e891.mp4,1.0,1.0,0.9555555555555556,1.0,0.9555555555555556,0.18555784212650314,0.3657640900876787,0.6338938653469086,0.2310296772871707,0.4645052969455719,0.32034538454479644,0.7643097643097644,0.0,0.0,640.0,480.0,1.3333333333333333,30.303030303030305,nan,91.0,nan,91.0
train,e,dataset_videos\e\e_9d42642b-ea38-4433-be9f-1ff27f1a7bc4.mp4,1.0,1.0,0.9777777777777777,1.0,0.9777777777777777,0.21554223311612758,0.3646681321991814,0.6599895156092114,0.2407480709581429,0.43340165780650247,0.24277630547682444,0.7575757575757577,0.0,0.0,640.0,480.0,1.3333333333333333,1000.0,2928.0,89.0,nan,89.0
train,Depender,dataset_videos\Depender\Depender_16872fbd-ca86-41bd-800b-3d99f0a540b8.mp4,1.0,0.9555555555555556,1.0,1.0,0.9555555555555556,0.21600428735750643,0.3846970664130317,0.7329819364680185,0.2785072102058844,0.38556935522291397,0.21134094032976364,0.7696969696969698,0.0,0.0,640.0,480.0,1.3333333333333333,1000.0,2960.0,90.0,nan,90.0
train,Cuánto,dataset_videos\Cuánto\Cuánto_8e0de5ec-b923-4432-baf2-5b3044ae2721.mp4,1.0,0.8,1.0,1.0,0.8,0.20288722294653486,0.3323926203780704,0.6605550249417623,0.21917177119607328,0.39733480082617867,0.23584038615226746,0.7609427609427611,0.0,0.0,640.0,480.0,1.3333333333333333,1000.0,2944.0,89.0,nan,89.0
train,Creer,dataset_videos\Creer\Creer_bfa2cbf9-e7ec-433b-9bbc-333186b5033a.mp4,1.0,0.9777777777777777,0.9555555555555556,1.0,0.9333333333333333,0.1925368167275134,0.32518591350979276,0.7070166402392917,0.23003612020904957,0.3972832014163335,0.23593604962031048,0.7777777777777779,0.0,0.0,640.0,480.0,1.3333333333333333,1000.0,2976.0,90.0,nan,90.0
train,Ayer,dataset_videos\Ayer\Ayer_343fb66c-d3e4-403a-a8ee-53e9c65adacd.mp4,1.0,1.0,0.8888888888888888,1.0,0.8888888888888888,0.19948131991084186,0.36872494485643176,0.746738647752338,0.27531055047817543,0.47002914283010694,0.3076681156953176,0.7723905723905725,0.19629629629629616,0.40687830687830695,640.0,480.0,1.3333333333333333,30.303030303030305,nan,90.0,nan,90.0
train,d,dataset_videos\d\d_b15ad4fe-fddf-4d17-909b-b61c77707211.mp4,1.0,1.0,0.9777777777777777,1.0,0.9777777777777777,0.20801997019840937,0.35577474567625256,0.7007448977894253,0.24930378704982137,0.3933687878979577,0.22151299052768283,0.7575757575757577,0.0,0.0,640.0,480.0,1.3333333333333333,1000.0,2976.0,90.0,nan,90.0
train,Apoyar,dataset_videos\Apoyar\Apoyar_60a3d9ee-951c-4634-a699-4a53aab4e124.mp4,1.0,0.9777777777777777,0.9555555555555556,1.0,0.9333333333333333,0.21470194109240381,0.3371027602089776,0.755332699086931,0.25309897871601006,0.37647777166631485,0.2126687549882465,0.771717171717172,0.0,0.0,640.0,480.0,1.3333333333333333,62.5,186.0,90.0,2.976,90.0
train,Trabajar,dataset_videos\Trabajar\Trabajar_7c11020c-bca1-4e97-af82-240238c67c7e.mp4,1.0,0.9777777777777777,0.9777777777777777,1.0,0.9555555555555556,0.22033062785439267,0.3593977179792192,0.6576875819100274,0.2367193514106005,0.42166552179389527,0.2652766482697593,0.7575757575757577,0.013756613756613757,0.08095238095238096,640.0,480.0,1.3333333333333333,1000.0,2960.0,90.0,nan,90.0
train,e,dataset_videos\e\e_85d5f29c-4ede-400c-b29c-a20dbdc4b542.mp4,1.0,1.0,0.9555555555555556,1.0,0.9555555555555556,0.20967815586216235,0.3562661548455556,0.692750335070822,0.24677418855361638,0.4275485896401935,0.24658873246775734,0.7575757575757577,0.0,0.10052910052910051,640.0,480.0,1.3333333333333333,1000.0,2992.0,91.0,nan,91.0
train,ñ,dataset_videos\ñ\ñ_de539331-c20d-4d90-8144-c77a3e01e34d.mp4,1.0,1.0,0.9555555555555556,1.0,0.9555555555555556,0.5001006036418701,0.8755061570141051,0.9287460830476549,0.8145114596842282,0.8911076101991865,0.600841834810045,0.695622895622895,0.0,0.0,640.0,480.0,1.3333333333333333,30.303030303030305,nan,30.0,nan,30.0
train,Papá,dataset_videos\Papá\Papá_dda805fd-2111-4ff8-ad66-8fff5df8d1c5.mp4,1.0,1.0,0.8444444444444444,1.0,0.8444444444444444,0.24887101262962044,0.4109266721540027,0.7602411843008465,0.31233230716529337,0.42573155595196616,0.23272311488787334,0.7575757575757577,0.36719576719576724,0.5079365079365079,640.0,480.0,1.3333333333333333,1000.0,2992.0,91.0,nan,91.0
train,Amigo,dataset_videos\Amigo\Amigo_7837b01b-417b-4076-9d16-c178ae04f80f.mp4,1.0,0.9555555555555556,0.9777777777777777,1.0,0.9333333333333333,0.25314994099917965,0.4284359567695194,0.7522362702422671,0.3215015011490048,0.3885117424858941,0.18899965319368575,0.7575757575757577,0.05925925925925925,0.13439153439153434,640.0,480.0,1.3333333333333333,1000.0,2992.0,91.0,nan,91.0
train,Practicar,dataset_videos\Practicar\Practicar_5e8ada05-3faf-4916-9ea1-1d8bf5483c6f.mp4,1.0,0.9111111111111111,0.8888888888888888,1.0,0.8,0.22368245102373138,0.37535117864608764,0.6982635074191623,0.2624364877331359,0.4192117734087838,0.24949899282720353,0.758922558922559,0.051322751322751325,0.14179894179894179,640.0,480.0,1.3333333333333333,1000.0,2960.0,90.0,nan,90.0
train,Hospital,dataset_videos\Hospital\Hospital_cf9d0663-fa37-4e90-bbe2-9fd6a70d65fa.mp4,1.0,1.0,0.9777777777777777,1.0,0.9777777777777777,0.2102416292172933,0.36045501232147215,0.7068316015932296,0.25396050399615544,0.4141823195748859,0.24430327382352618,0.7629629629629632,0.0,0.0,640.0,480.0,1.3333333333333333,1000.0,2944.0,89.0,nan,89.0
train,Aburrido,dataset_videos\Aburrido\Aburrido_5720b771-b2b3-4751-9477-b487c890ad64.mp4,1.0,0.9777777777777777,0.9111111111111111,1.0,0.8888888888888888,0.2278041803599339,0.39223809440930685,0.7377785308493509,0.28925174156899097,0.38031238814194995,0.20831862886746724,0.758922558922559,0.000529100529100529,0.03703703703703704,640.0,480.0,1.3333333333333333,1000.0,2960.0,90.0,nan,90.0
train,Aburrido,dataset_videos\Aburrido\01-Aburrido-Palabra-1.m4v,1.0,1.0,0.7555555555555555,1.0,0.7555555555555555,0.1734679434217276,0.2869144532415602,0.6727986408604516,0.19298823923473035,0.5019530127445857,0.3040036585595873,0.7575757575757577,0.0,0.0,854.0,478.0,1.786610878661088,29.97002997002997,89.0,89.0,2.9696333333333333,89.0
train,Aplazar,dataset_videos\Aplazar\Aplazar_5dbebff5-4016-419c-964a-f61f06bccdbe.mp4,1.0,0.9555555555555556,0.9555555555555556,0.9777777777777777,0.9333333333333333,0.2358265644255191,0.38118991090191734,0.6980148010783725,0.2660481331080072,0.37502629690700107,0.19141034848160213,0.7562289562289564,0.0,0.0,640.0,480.0,1.3333333333333333,1000.0,2960.0,90.0,nan,90.0
train,Creer,dataset_videos\Creer\Creer_01a9b84b-a34e-405c-8bb3-f9c632e5fe98.mp4,1.0,0.9777777777777777,0.9777777777777777,1.0,0.9555555555555556,0.19054987713110336,0.32038070029682586,0.7432369576560126,0.23675605233510916,0.39759308795134224,0.23617613481150734,0.7892255892255893,0.0,0.0,640.0,480.0,1.3333333333333333,1000.0,2960.0,90.0,nan,90.0
train,Cuidar,dataset_videos\Cuidar\Cuidar_5b75ed2e-dc48-4213-871c-517341f6b9f2.mp4,1.0,1.0,0.9777777777777777,1.0,0.9777777777777777,0.22244939678334041,0.3683033797476027,0.6979454858435525,0.25676743322479423,0.39389111366536883,0.23024942013952468,0.7616161616161616,0.006349206349206349,0.05343915343915344,640.0,480.0,1.3333333333333333,1000.0,2960.0,90.0,nan,90.0
train,Necesitar,dataset_videos\Necesitar\Necesitar_8951be5a-9e6f-492e-9989-96fd35608156.mp4,1.0,0.8,0.9333333333333333,1.0,0.7333333333333333,0.22709391894985217,0.3881108820438385,0.745032705201043,0.28929214365831313,0.42320788270897336,0.2404301279120975,0.7622895622895625,0.06931216931216931,0.2201058201058201,640.0,480.0,1.3333333333333333,62.5,185.0,90.0,2.96,90.0
train,Prestar,dataset_videos\Prestar\Prestar_a096f1b7-07e8-48fb-a2be-a6b99510df02.mp4,1.0,0.9777777777777777,1.0,1.0,0.9777777777777777,0.20884460487191542,0.33259856435987684,0.7217268427213033,0.23952643890266967,0.42091935608122083,0.25275681416193646,0.7690235690235694,0.0,0.0,640.0,480.0,1.3333333333333333,1000.0,2976.0,90.0,nan,90.0
train,Abuelo,dataset_videos\Abuelo\Abuelo_8924f544-e124-448f-92cf-f518fb2845ee.mp4,1.0,1.0,0.9333333333333333,1.0,0.9333333333333333,0.22641986768532948,0.39766232007079655,0.7156823439730539,0.28397874113298294,0.3809308651420805,0.1949277142683665,0.7575757575757577,0.0047619047619047615,0.02169312169312169,640.0,480.0,1.3333333333333333,1000.0,2960.0,90.0,nan,90.0
train,Pedir,dataset_videos\Pedir\Pedir_03015f9d-8636-41d4-9207-a2b8f6131d6f.mp4,1.0,0.9777777777777777,0.9333333333333333,1.0,0.9111111111111111,0.2178135362949744,0.34181907243198817,0.6725333306524489,0.23138079465069292,0.41243139737182194,0.2497414039240943,0.7582491582491583,0.010582010582010581,0.06772486772486772,640.0,480.0,1.3333333333333333,1000.0,2960.0,90.0,nan,90.0
train,Confundido,dataset_videos\Confundido\Confundido_d1c68945-6ff5-4cfb-af52-0b2513a47466.mp4,1.0,0.7777777777777778,0.8888888888888888,0.9111111111111111,0.7555555555555555,0.21319089485460793,0.34365086555480956,0.6876983321375317,0.23721872465147192,0.38502958681848315,0.21396156549453735,0.758922558922559,0.0,0.01626016260162601,640.0,480.0,1.3333333333333333,1000.0,2976.0,90.0,nan,90.0
train,a,dataset_videos\a\a_b5831877-c565-4eef-ae03-82552ddb6c8d.mp4,1.0,1.0,0.9111111111111111,1.0,0.9111111111111111,0.21294111876799912,0.38780714339680145,0.7127896348635355,0.27641055676692305,0.38581482304467096,0.20823767019642725,0.7575757575757577,0.0,0.0,640.0,480.0,1.3333333333333333,1000.0,2976.0,90.0,nan,90.0
train,Saber,dataset_videos\Saber\Saber_25d8a509-4f1a-4910-9aa3-e3f2f950af13.mp4,1.0,0.7333333333333333,0.8444444444444444,0.9333333333333333,0.6444444444444445,0.2397647663774613,0.41371793581379784,0.770695134666231,0.31884908131226813,0.4253246956401401,0.22326871421602038,0.7461279461279463,0.40079365079365087,0.523809523809524,640.0,480.0,1.3333333333333333,1000.0,2976.0,90.0,nan,90.0
train,Visitar,dataset_videos\Visitar\Visitar_8cf8a765-ac79-4bea-b338-249ad4e17f04.mp4,1.0,0.9777777777777777,0.7777777777777778,0.9777777777777777,0.7777777777777778,0.212075608264434,0.3848916795518663,0.7498956898848216,0.28282729451272165,0.42555505401558347,0.2580096870660782,0.7703703703703706,0.0,0.0,640.0,480.0,1.3333333333333333,1000.0,2976.0,90.0,nan,90.0
train,Papá,dataset_videos\Papá\Papá_c2deb738-c9a6-47fc-b821-2134f621464e.mp4,1.0,1.0,0.9333333333333333,1.0,0.9333333333333333,0.22966181260676644,0.3873084290160073,0.7280927803781297,0.2818075414266418,0.4212235010332531,0.23789921932750277,0.7575757575757577,0.13968253968253966,0.30793650793650823,640.0,480.0,1.3333333333333333,1000.0,2960.0,90.0,nan,90.0
train,Hospital,dataset_videos\Hospital\Hospital_1a611c00-7869-4965-862f-012579107a2f.mp4,1.0,1.0,0.9111111111111111,1.0,0.9111111111111111,0.2309242141477361,0.39481621649530196,0.7629356212086148,0.30108510330748295,0.42062634693251716,0.2385057551993264,0.7582491582491583,0.2518518518518516,0.38888888888888895,640.0,480.0,1.3333333333333333,1000.0,2960.0,90.0,nan,90.0
train,Creer,dataset_videos\Creer\Creer_51b1a21d-0fd3-42d3-b3d4-6327d441b2f2.mp4,1.0,0.8,0.9111111111111111,1.0,0.7111111111111111,0.1956333161740399,0.3291269150045183,0.6858917183346218,0.22490069140635102,0.3963668273554908,0.23412464095486535,0.7717171717171719,0.0,0.0,640.0,480.0,1.3333333333333333,62.5,186.0,90.0,2.976,90.0
train,Lejos,dataset_videos\Lejos\Lejos_38ee1d55-2260-44a3-aefe-9a9a312fc026.mp4,1.0,1.0,0.9555555555555556,1.0,0.9555555555555556,0.197838812872919,0.31885393261909484,0.6780550006363127,0.21542874091755623,0.41696866154670714,0.2567072090175417,0.767003367003367,0.0,0.0,640.0,480.0,1.3333333333333333,1000.0,2944.0,89.0,nan,89.0
train,Practicar,dataset_videos\Practicar\Practicar_21b53a35-4d25-4acd-9d59-f83878937771.mp4,1.0,0.9333333333333333,0.8444444444444444,0.9777777777777777,0.8,0.22413460870116017,0.3683252453804016,0.6863356699546178,0.2525680269398631,0.41996646821498873,0.24980212383800082,0.7575757575757577,0.025974025974025972,0.1417748917748918,640.0,480.0,1.3333333333333333,1000.0,2992.0,91.0,nan,91.0
train,Depender,dataset_videos\Depender\Depender_bdf6f995-0c4d-47d3-ac9c-2586b4da2752.mp4,1.0,0.9555555555555556,0.9777777777777777,1.0,0.9333333333333333,0.23393205511288812,0.41486811174286736,0.7319801757733028,0.3028214476301577,0.3922148363457786,0.20131811334027183,0.758922558922559,0.01904761904761905,0.10052910052910052,640.0,480.0,1.3333333333333333,1000.0,2976.0,90.0,nan,90.0
train,o,dataset_videos\o\o_93454ddd-cef7-477f-b4db-9522b7d3e52c.mp4,1.0,1.0,0.9333333333333333,1.0,0.9333333333333333,0.21116703899569805,0.35919038719601104,0.7088245785898633,0.2521958443552586,0.42532629867394767,0.23747863239712186,0.7622895622895625,0.0,0.0,640.0,480.0,1.3333333333333333,1000.0,2944.0,89.0,nan,89.0
train,x,dataset_videos\x\x_a8afced9-c483-467c-9051-21bf636c3800.mp4,1.0,0.9777777777777777,1.0,1.0,0.9777777777777777,0.21177507023399972,0.379768372575442,0.7044034918149312,0.26738180981681303,0.4785113000207477,0.2917726231945886,0.7575757575757577,0.11164021164021158,0.2941798941798943,640.0,480.0,1.3333333333333333,30.303030303030305,nan,89.0,nan,89.0
train,A veces,dataset_videos\A veces\A veces_a1cc5dcb-447b-4554-af5c-daf6dcdc03ee.mp4,1.0,0.9555555555555556,1.0,1.0,0.9555555555555556,0.21733739807780994,0.3638446589310964,0.7504091948270798,0.27209634117345183,0.3797782626416948,0.20570099519358742,0.7683501683501686,0.0,0.0,640.0,480.0,1.3333333333333333,1000.0,4960.0,150.0,nan,150.0
train,h,dataset_videos\h\h_1d6504df-5a7f-4dde-9e4a-17552f033361.mp4,1.0,1.0,1.0,1.0,1.0,0.19831350245501925,0.36848447190390693,0.6740252229902479,0.24836577985227962,0.4863342818286684,0.3197591265042623,0.7582491582491583,0.12116402116402104,0.31216931216931254,640.0,480.0,1.3333333333333333,30.303030303030305,nan,90.0,nan,90.0
train,o,dataset_videos\o\o_0bd67543-1a7f-477a-8c35-7b4f415ff95b.mp4,1.0,1.0,0.9111111111111111,1.0,0.9111111111111111,0.22130435728623601,0.36062725053893196,0.7173306650585598,0.25870221009184546,0.42524494230747223,0.2384175701273812,0.7575757575757577,0.07566137566137567,0.23915343915343928,640.0,480.0,1.3333333333333333,1000.0,2960.0,90.0,nan,90.0
train,Buscar,dataset_videos\Buscar\Buscar_17e5d196-0cc0-42fb-878d-94e90267578c.mp4,1.0,0.9555555555555556,0.7555555555555555,0.9555555555555556,0.7555555555555555,0.20754807169601094,0.3616917259163327,0.7189595606591966,0.26021645074414584,0.47917554577191673,0.3031067146195306,0.7582491582491583,0.16445182724252486,0.3300110741971206,640.0,480.0,1.3333333333333333,30.303030303030305,nan,90.0,nan,90.0
train,Ustedes,dataset_videos\Ustedes\Ustedes_add92eba-e5d8-4c08-b358-90dd9aaa496c.mp4,1.0,1.0,0.9333333333333333,1.0,0.9333333333333333,0.2063204739591478,0.33549194865756565,0.6977690895398457,0.23296408850840286,0.42532705234156715,0.2515970703628328,0.7703703703703706,0.0,0.0,640.0,480.0,1.3333333333333333,1000.0,2960.0,90.0,nan,90.0
train,Hospital,dataset_videos\Hospital\Hospital_f853d575-888a-4170-926a-64f4285ed1e4.mp4,1.0,1.0,0.9777777777777777,1.0,0.9777777777777777,0.21101694711431365,0.35091780291663277,0.7470491862959332,0.261028708109578,0.4110503484805425,0.24089613755544026,0.7676767676767678,0.0,0.0,640.0,480.0,1.3333333333333333,1000.0,2960.0,90.0,nan,90.0
train,Encontrar,dataset_videos\Encontrar\Encontrar_dc31aba1-40ca-4e3c-8240-c22fa465883f.mp4,1.0,0.9111111111111111,0.9111111111111111,1.0,0.8222222222222222,0.21646879110861833,0.3561544183227751,0.6615209576156404,0.23573980372527162,0.42987439036369324,0.2748833570215437,0.7575757575757577,0.018518518518518524,0.08835978835978839,640.0,480.0,1.3333333333333333,1000.0,2960.0,90.0,nan,90.0
train,Depender,dataset_videos\Depender\Depender_b52cf7af-ca58-4bea-bce2-71d24112dc36.mp4,1.0,0.9777777777777777,1.0,1.0,0.9777777777777777,0.2060511289538906,0.360060484541787,0.771236804789967,0.2730931920475375,0.38765617907047273,0.21764882703622182,0.7797979797979798,0.0,0.0,640.0,480.0,1.3333333333333333,1000.0,2944.0,89.0,nan,89.0
train,Bien,dataset_videos\Bien\Bien_8bab6a53-01f8-492d-abb4-9664a26eb873.mp4,1.0,0.4,0.9333333333333333,0.9555555555555556,0.37777777777777777,0.21699436086659568,0.337153297662735,0.6513876951403088,0.21971533085808978,0.3825974772373835,0.21438994242085352,0.7575757575757577,0.0,0.0,640.0,480.0,1.3333333333333333,1000.0,2944.0,89.0,nan,89.0
train,Continuar,dataset_videos\Continuar\Continuar_64299f91-b385-4c13-a53d-0f1153d98ae1.mp4,1.0,1.0,1.0,1.0,1.0,0.20220404697836905,0.3189669542842441,0.671603626675076,0.21367965068949235,0.4045906212594774,0.24294283191363017,0.7676767676767678,0.0,0.0,640.0,480.0,1.3333333333333333,1000.0,2928.0,89.0,nan,89.0
train,h,dataset_videos\h\h_e0dfddac-29a4-4159-8c12-dd05b3091523.mp4,1.0,1.0,0.9777777777777777,1.0,0.9777777777777777,0.20766898641521578,0.33135225375493366,0.6321136646800571,0.20938011782520327,0.41152044700251683,0.236031601495213,0.7582491582491583,0.0,0.0,640.0,480.0,1.3333333333333333,1000.0,2976.0,90.0,nan,90.0
train,Encontrar,dataset_videos\Encontrar\Encontrar_05d916d1-b243-4f27-8e67-94ff74c3a653.mp4,1.0,1.0,0.9333333333333333,1.0,0.9333333333333333,0.21582253457513303,0.3482892553011576,0.7375392801231808,0.2561564568263685,0.42790955007076265,0.27302764786614314,0.742087542087542,0.0,0.0,640.0,480.0,1.3333333333333333,1000.0,2960.0,90.0,nan,90.0
train,Apoyar,dataset_videos\Apoyar\Apoyar_5cfbceb4-8b71-4b83-8cf7-b2062a679e09.mp4,1.0,0.8888888888888888,0.9333333333333333,0.9555555555555556,0.8666666666666667,0.22859658465851979,0.3668575339847141,0.6968856149249607,0.2550884849517022,0.36952959265973834,0.1927303390370475,0.758922558922559,0.0,0.0,640.0,480.0,1.3333333333333333,1000.0,2960.0,90.0,nan,90.0
train,Aplazar,dataset_videos\Aplazar\Aplazar_3fc35222-f9aa-4a2c-9457-d5d9e5dd1e13.mp4,1.0,0.9333333333333333,0.9333333333333333,0.9555555555555556,0.9111111111111111,0.24805301906533556,0.3923731717798445,0.7794664329952664,0.3055755965964834,0.37646562192175126,0.18221679031848909,0.7622895622895624,0.032668881506090805,0.12846068660022147,640.0,480.0,1.3333333333333333,1000.0,2976.0,90.0,nan,90.0
train,Gracias,dataset_videos\Gracias\Gracias_62d766c9-69f6-458e-b3a6-b42510a913ec.mp4,1.0,1.0,0.9333333333333333,1.0,0.9333333333333333,0.19669934109668277,0.3238606982760959,0.6617604162957933,0.213970123904875,0.4262309494945738,0.26299615303675333,0.7427609427609428,0.0,0.0,640.0,480.0,1.3333333333333333,1000.0,2976.0,90.0,nan,90.0
train,Aplazar,dataset_videos\Aplazar\Aplazar_a84365a0-2c47-4bd6-afe1-7a70b22d448f.mp4,1.0,0.9555555555555556,0.8888888888888888,1.0,0.8444444444444444,0.23869641173684006,0.38387160301208495,0.8705426262484657,0.33294820854441054,0.3727631972895728,0.1814662582344479,0.7865319865319864,0.0,0.0,640.0,480.0,1.3333333333333333,1000.0,2960.0,90.0,nan,90.0
train,Entrar,dataset_videos\Entrar\Entrar_3a29ea10-222d-4b59-ba06-4c499357f0a5.mp4,1.0,1.0,0.9333333333333333,1.0,0.9333333333333333,0.21088927378972017,0.33737094865904915,0.6847544186645084,0.23063539210646927,0.4300081766313977,0.25086431039704216,0.7622895622895625,0.0,0.0,640.0,480.0,1.3333333333333333,1000.0,2960.0,90.0,nan,90.0
train,u,dataset_videos\u\u_574c6a83-f55f-4402-a346-944cb3bbd7f8.mp4,1.0,1.0,0.9333333333333333,1.0,0.9333333333333333,0.2183195392056103,0.36130338708559673,0.7046233865949842,0.2545755176194771,0.42984539137946237,0.24494423203998142,0.7575757575757577,0.007936507936507936,0.16296296296296303,640.0,480.0,1.3333333333333333,62.5,184.0,89.0,2.944,89.0
train,Enfermo,dataset_videos\Enfermo\Enfermo_5ffc413d-1169-4424-8f19-465fca1d6e56.mp4,1.0,1.0,0.9111111111111111,1.0,0.9111111111111111,0.2025952042860672,0.3505965232849121,0.6357167863183552,0.2229230986209336,0.4256508900059594,0.24413799610402848,0.7575757575757577,0.0,0.0,640.0,480.0,1.3333333333333333,1000.0,2960.0,90.0,nan,90.0
train,Prohibir,dataset_videos\Prohibir\01-Prohibir-Palabra-1.m4v,1.0,1.0,0.8666666666666667,1.0,0.8666666666666667,0.19359318753679272,0.3102438701523675,0.6998581108119752,0.21691003282585178,0.466285330719418,0.2804074843724569,0.7575757575757577,0.0,0.0,854.0,478.0,1.786610878661088,29.97002997002997,80.0,80.0,2.6693333333333333,80.0
train,Decir,dataset_videos\Decir\Decir_0ad79031-6a83-44d1-83c3-2a76d22af6ef.mp4,1.0,0.7333333333333333,0.8444444444444444,0.9333333333333333,0.6444444444444445,0.2520199671872337,0.4014680431948768,0.7894131395551893,0.31696752332491074,0.39924265179369184,0.19581135511398315,0.7555555555555558,0.19727891156462588,0.3424036281179138,640.0,480.0,1.3333333333333333,1000.0,2960.0,90.0,nan,90.0
train,o,dataset_videos\o\o_4016efb8-b2d6-4f0a-8485-37615a5980a7.mp4,1.0,1.0,1.0,1.0,1.0,0.2081950079737669,0.3774543798632092,0.6858335196971893,0.2589476804825089,0.4816752576165729,0.30505415068732367,0.7501683501683504,0.2179894179894179,0.374603174603175,640.0,480.0,1.3333333333333333,30.303030303030305,nan,90.0,nan,90.0
train,Aceptar,dataset_videos\Aceptar\Aceptar_f6f19dc9-e9e7-4845-9e88-a7d12290f8d8.mp4,1.0,0.8888888888888888,0.9333333333333333,1.0,0.8222222222222222,0.23445691547605416,0.40333695676591663,0.7216886103153228,0.2906169382923641,0.41018156243695153,0.22538614836004045,0.758922558922559,0.19788359788359786,0.2603174603174603,640.0,480.0,1.3333333333333333,1000.0,2944.0,89.0,nan,89.0
train,c,dataset_videos\c\c_aac72cda-ef2f-4a6b-aade-4d7882673a95.mp4,1.0,0.0,0.7555555555555555,0.7555555555555555,0.0,0.4631160278137227,0.775438576274448,0.7256460126903322,0.567731468301585,0.40400774859719807,0.41770655976401433,0.6363636363636365,0.0,0.0,640.0,480.0,1.3333333333333333,30.320044918585065,90.0,90.0,2.9683333333333333,90.0
train,Lo siento,dataset_videos\Lo siento\Lo siento_0b4652c6-ed19-49d3-a176-0539e255aede.mp4,1.0,0.9111111111111111,0.9555555555555556,1.0,0.8666666666666667,0.2183689090404455,0.3466211683220334,0.757693831788169,0.2628848476716362,0.41694314744737415,0.24895185000366635,0.7670033670033671,0.014814814814814814,0.03439153439153439,640.0,480.0,1.3333333333333333,1000.0,4976.0,150.0,nan,150.0
train,Otra vez,dataset_videos\Otra vez\Otra vez_32bc2acf-2ca7-44ad-ac59-f1668b32a2d8.mp4,1.0,0.6888888888888889,0.9555555555555556,0.9555555555555556,0.6888888888888889,0.18325571590110734,0.3045955512258742,0.6434491985374027,0.1972971949144566,0.5145521372556686,0.36509123510784575,0.7676767676767677,0.1600221483942414,0.3039867109634551,640.0,480.0,1.3333333333333333,30.303030303030305,nan,151.0,nan,151.0
train,Aquí,dataset_videos\Aquí\Aquí_f0109d4e-e878-4465-b5bb-b3d867beb43a.mp4,1.0,1.0,1.0,1.0,1.0,0.20748818909265643,0.34733205835024517,0.7218754808108012,0.24949292344723853,0.37461215886804794,0.19796000553501977,0.7703703703703706,0.0,0.0,640.0,480.0,1.3333333333333333,1000.0,2976.0,90.0,nan,90.0
train,Gracias,dataset_videos\Gracias\Gracias_11e09ce5-c888-4b55-a983-fdd79d740271.mp4,1.0,0.9777777777777777,0.8222222222222222,1.0,0.8,0.20165830325639086,0.3384414964252048,0.6524085236920251,0.22114488846220956,0.4262499113877614,0.26134617726008097,0.7582491582491583,0.0,0.015343915343915344,640.0,480.0,1.3333333333333333,1000.0,2976.0,90.0,nan,90.0
train,Allá,dataset_videos\Allá\Allá_21998a1e-5a12-42ed-a165-c780d34b970f.mp4,1.0,1.0,0.9777777777777777,1.0,0.9777777777777777,0.2237284936634554,0.38381560444831847,0.6800025930007298,0.26138381948143974,0.3748139762216144,0.18597414096196493,0.7575757575757577,0.0,0.0,640.0,480.0,1.3333333333333333,1000.0,2960.0,90.0,nan,90.0
train,Participar,dataset_videos\Participar\Participar_11010eb6-d25a-405f-a0fa-ab553b726081.mp4,1.0,0.9777777777777777,0.9777777777777777,1.0,0.9555555555555556,0.21482019113445391,0.32853028376897175,0.7462110492918227,0.24561888644504315,0.4151161339547899,0.23977277908060285,0.7683501683501687,0.0,0.0,640.0,480.0,1.3333333333333333,1000.0,2944.0,89.0,nan,89.0
train,Desmayarse,dataset_videos\Desmayarse\Desmayarse_b8a42329-c1b5-4a42-9229-ab8950bff3a7.mp4,1.0,0.4888888888888889,0.8666666666666667,0.9111111111111111,0.4444444444444444,0.2523364420521695,0.4113640328248342,0.8474770686692662,0.34886665810273154,0.405113097694185,0.19104795820183224,0.7178451178451178,0.2253193960511034,0.3426248548199767,640.0,480.0,1.3333333333333333,1000.0,2960.0,90.0,nan,90.0
train,r,dataset_videos\r\r_91f6d131-8129-4c00-b629-68e39c2e15aa.mp4,1.0,1.0,0.9333333333333333,1.0,0.9333333333333333,0.20502847866982105,0.34688114788797164,0.631819928685824,0.21891495929615393,0.4273244877656301,0.24788725905948214,0.758922558922559,0.0,0.0,640.0,480.0,1.3333333333333333,62.5,185.0,90.0,2.96,90.0
train,Qué paso,dataset_videos\Qué paso\Qué paso_ea07a696-7507-4615-ae9d-b7994113342e.mp4,1.0,1.0,0.9555555555555556,1.0,0.9555555555555556,0.19838951676136504,0.3077161603503757,0.6050542414188385,0.1862701809241163,0.42116713888115354,0.2544003115759956,0.7575757575757577,0.0,0.0,640.0,480.0,1.3333333333333333,1000.0,2976.0,90.0,nan,90.0
train,Qué,dataset_videos\Qué\Qué_082a8229-acb9-4bbe-85fc-4dcdd5277f2e.mp4,1.0,1.0,0.9777777777777777,1.0,0.9777777777777777,0.2135666364588878,0.3374799436993069,0.6875342941946454,0.23160481725481188,0.42412568396992156,0.24562317993905808,0.7643097643097644,0.0,0.0,640.0,480.0,1.3333333333333333,1000.0,2992.0,91.0,nan,91.0
train,z,dataset_videos\z\z_dd04ee2d-80a7-421f-9daa-8f608f600593.mp4,1.0,1.0,0.9111111111111111,1.0,0.9111111111111111,0.22309753099156415,0.3572599556710985,0.7759727428356806,0.27582875436577226,0.4206896550125546,0.2386039525270462,0.7690235690235693,0.0,0.0,640.0,480.0,1.3333333333333333,1000.0,2944.0,89.0,nan,89.0
train,w,dataset_videos\w\w_5a47eeff-e98f-400a-bba4-9efa5b7d7414.mp4,1.0,1.0,1.0,1.0,1.0,0.22171987853361316,0.37769857115215727,0.7211845381392373,0.2724607340881224,0.42504957417647043,0.23971016075876023,0.7582491582491583,0.10634920634920636,0.26613756613756623,640.0,480.0,1.3333333333333333,1000.0,2992.0,91.0,nan,91.0
train,Entrar,dataset_videos\Entrar\Entrar_e089032a-593a-4098-98b3-d2dfe11fcf7c.mp4,1.0,0.9777777777777777,0.9333333333333333,1.0,0.9111111111111111,0.20119262979652028,0.3344313396347894,0.6724050611257553,0.22415998516483956,0.4266918589671453,0.25899313357141285,0.7616161616161617,0.0,0.011640211640211638,640.0,480.0,1.3333333333333333,1000.0,2960.0,90.0,nan,90.0
train,Por favor,dataset_videos\Por favor\Por favor_1bd11368-6192-4b9b-b46b-3b0b93c70f41.mp4,1.0,0.9777777777777777,0.9111111111111111,1.0,0.8888888888888888,0.23246663610946636,0.3735876076751285,0.750828684038586,0.2801534083675201,0.42477204932106866,0.2461482971906662,0.7643097643097644,0.13915343915343917,0.3137566137566137,640.0,480.0,1.3333333333333333,1000.0,2992.0,91.0,nan,91.0
train,Cirugía,dataset_videos\Cirugía\Cirugía_706bb2e0-b42e-40df-beb9-30764226e530.mp4,1.0,1.0,1.0,1.0,1.0,0.17298732304864878,0.3370427383316888,0.6145417928695679,0.20650642315809248,0.5043097741074032,0.3634872688187493,0.7656565656565658,0.0037037037037037034,0.06455026455026454,640.0,480.0,1.3333333333333333,30.303030303030305,nan,91.0,nan,91.0
train,Visitar,dataset_videos\Visitar\Visitar_fe253ff8-d1a0-494e-a18a-663fb0d023f6.mp4,1.0,0.9777777777777777,0.8666666666666667,1.0,0.8444444444444444,0.21249999998368543,0.3806491739220089,0.6926009337107341,0.26081415899040766,0.4268428875340356,0.26021313468615215,0.7656565656565659,0.0,0.0,640.0,480.0,1.3333333333333333,1000.0,2992.0,91.0,nan,91.0
train,Agregar,dataset_videos\Agregar\Agregar_cfd03f45-02a5-4642-8eba-60639fd051d0.mp4,1.0,0.9555555555555556,0.9333333333333333,1.0,0.8888888888888888,0.22946133035638192,0.41129654116100733,0.7112296677298016,0.29353638717718744,0.353535333275795,0.17814928028318616,0.7616161616161617,0.0,0.0,640.0,480.0,1.3333333333333333,1000.0,2976.0,90.0,nan,90.0
train,Acompañar,dataset_videos\Acompañar\Acompañar_5686b98c-6c66-4bdd-ad53-53fa63377ef8.mp4,1.0,0.9333333333333333,0.9777777777777777,1.0,0.9111111111111111,0.23382597235830313,0.38557112349404227,0.7573445551925235,0.2923764788933471,0.3495298229985767,0.16486272911230723,0.7616161616161616,0.0,0.0015873015873015873,640.0,480.0,1.3333333333333333,1000.0,2960.0,90.0,nan,90.0
train,Sano,dataset_videos\Sano\Sano_901a06ae-3304-451a-892c-cb428c1c9285.mp4,1.0,0.9111111111111111,0.9555555555555556,0.9555555555555556,0.9111111111111111,0.2146810739983364,0.3699576841460334,0.6661128054062525,0.2457752141001857,0.4184899893071916,0.25767759250269995,0.758922558922559,0.0,0.03322259136212625,640.0,480.0,1.3333333333333333,1000.0,2944.0,89.0,nan,89.0
train,Cuando,dataset_videos\Cuando\Cuando_a21318ce-62cb-453b-94af-ad9bb3fc5957.mp4,1.0,1.0,0.8444444444444444,1.0,0.8444444444444444,0.21279879340113197,0.35615960293345983,0.6997680657439762,0.2495113757537384,0.3990827649831772,0.22035475605063967,0.7575757575757577,0.0,0.0,640.0,480.0,1.3333333333333333,1000.0,2960.0,90.0,nan,90.0
train,j,dataset_videos\j\j_47dfd328-3ee6-487f-b1e6-a7c03b4f3c3e.mp4,1.0,1.0,0.9555555555555556,1.0,0.9555555555555556,0.21378259288691423,0.352789486779107,0.7640801287359662,0.271648558501563,0.41955901781717936,0.24194995297325983,0.7683501683501684,0.0,0.0047619047619047615,640.0,480.0,1.3333333333333333,1000.0,2976.0,90.0,nan,90.0
train,Desmayarse,dataset_videos\Desmayarse\Desmayarse_02298144-0277-4e2a-97f8-ac158768119a.mp4,1.0,0.6888888888888889,0.9111111111111111,0.9555555555555556,0.6444444444444445,0.2224104642259026,0.37835253874460856,0.7531583655211661,0.2849756655783105,0.38906754321522186,0.20534181661076015,0.7508417508417509,0.04318936877076412,0.13122923588039864,640.0,480.0,1.3333333333333333,1000.0,2960.0,90.0,nan,90.0
train,Allá,dataset_videos\Allá\Allá_329815e6-340a-4c2d-8e25-a9e5022b4344.mp4,1.0,1.0,0.9333333333333333,1.0,0.9333333333333333,0.23754269264184288,0.40267271664407517,0.7682952119244469,0.30963319692943664,0.37333782381481595,0.17486619088384842,0.7575757575757577,0.0492063492063492,0.11216931216931214,640.0,480.0,1.3333333333333333,1000.0,2960.0,90.0,nan,90.0
train,v,dataset_videos\v\v_a61f4d4c-dd6d-48a7-aece-024f50e1c542.mp4,1.0,1.0,0.9555555555555556,1.0,0.9555555555555556,0.22643935487467517,0.37390243146154617,0.7266604118876987,0.2717274962474476,0.42632745537492966,0.24061964021788704,0.7575757575757577,0.14444444444444451,0.3148148148148149,640.0,480.0,1.3333333333333333,1000.0,2960.0,90.0,nan,90.0
train,Cuidar,dataset_videos\Cuidar\Cuidar_6264a5f2-56ca-4ded-b9c1-1a83eb5633d7.mp4,1.0,0.8444444444444444,0.9777777777777777,1.0,0.8222222222222222,0.191286145690733,0.31317924592230056,0.6613473779625363,0.20685854509771778,0.393338092830446,0.23812610043419732,0.7663299663299666,0.0,0.0,640.0,480.0,1.3333333333333333,1000.0,2944.0,89.0,nan,89.0
train,x,dataset_videos\x\x_67d7d002-d21b-407d-bda9-45f4b47e5229.mp4,1.0,0.9777777777777777,0.9333333333333333,1.0,0.9111111111111111,0.24027464735561957,0.4188400728835,0.7678762724002203,0.3215350781144439,0.4370923999283049,0.23176013893551298,0.7575757575757577,0.3740740740740743,0.5037037037037038,640.0,480.0,1.3333333333333333,1000.0,2992.0,91.0,nan,91.0
train,Apoyar,dataset_videos\Apoyar\Apoyar_3da7204c-8d00-4707-902e-fb4b37d25de5.mp4,1.0,0.9333333333333333,0.9555555555555556,0.9777777777777777,0.9111111111111111,0.22218488216065826,0.3639550308386485,0.6816690729724036,0.24780126999127683,0.36829647686746386,0.19302890731228722,0.7582491582491583,0.0,0.0,640.0,480.0,1.3333333333333333,1000.0,2960.0,90.0,nan,90.0
train,Llevar,dataset_videos\Llevar\Llevar_16712ef0-e81c-4730-ba79-5d8c2e142846.mp4,1.0,1.0,0.9555555555555556,1.0,0.9555555555555556,0.21483807123687157,0.33948700030644735,0.7502752257717981,0.25296134679595766,0.41491404440667895,0.23516795800791845,0.76969696969697,0.0,0.0,640.0,480.0,1.3333333333333333,1000.0,2976.0,90.0,nan,90.0
train,Recordar,dataset_videos\Recordar\Recordar_4054842f-d043-4212-8a75-adc0e40e8b22.mp4,1.0,1.0,0.9111111111111111,1.0,0.9111111111111111,0.21377490448135206,0.3766716619332631,0.7190960281425052,0.26719075634355755,0.4210678478082021,0.25074219670560627,0.7616161616161616,0.0,0.0,640.0,480.0,1.3333333333333333,1000.0,2960.0,90.0,nan,90.0
train,s,dataset_videos\s\s_57406612-1211-4e09-8604-401d408fd572.mp4,1.0,1.0,1.0,1.0,1.0,0.20618013828562676,0.3652955777115292,0.681422233581543,0.2489083657036791,0.48311925994025334,0.31299517816967437,0.7575757575757577,0.18465608465608468,0.3592592592592596,640.0,480.0,1.3333333333333333,30.303030303030305,nan,89.0,nan,89.0
train,Escoger,dataset_videos\Escoger\Escoger_983da8d3-46b5-40c9-9592-789fefc4a489.mp4,1.0,0.8888888888888888,0.9333333333333333,1.0,0.8222222222222222,0.2262518114686121,0.3539716058307224,0.7228331946664386,0.25614421716943736,0.4335940688848495,0.2465559595161014,0.7569023569023571,0.2380952380952382,0.4074074074074074,640.0,480.0,1.3333333333333333,1000.0,2960.0,90.0,nan,90.0
train,Buscar,dataset_videos\Buscar\Buscar_949c0f2c-8241-4955-bd82-929cf7e25c36.mp4,1.0,1.0,0.9555555555555556,1.0,0.9555555555555556,0.19209605211576689,0.31390530864397687,0.6960456748803456,0.21822028566515791,0.3795022189617157,0.2234462281068166,0.7750841750841752,0.0,0.0,640.0,480.0,1.3333333333333333,1000.0,2992.0,91.0,nan,91.0
train,Esperar,dataset_videos\Esperar\Esperar_92b10007-cc19-4881-a072-01ed98f33337.mp4,1.0,0.8444444444444444,0.9555555555555556,1.0,0.8,0.20771220173628524,0.3394145237074958,0.6180814094013638,0.20974405413877872,0.4285789512925678,0.2639777852429284,0.7575757575757577,0.0,0.0,640.0,480.0,1.3333333333333333,1000.0,2960.0,90.0,nan,90.0
train,Entender,dataset_videos\Entender\Entender_a0f65d5d-10ec-4b80-ba4d-2dd9e35a38ec.mp4,1.0,1.0,0.8888888888888888,1.0,0.8888888888888888,0.2099167002860822,0.3555598768923018,0.6790187017785179,0.24094897214484742,0.4263360046678119,0.2543154067463345,0.7575757575757577,0.005820105820105819,0.07407407407407406,640.0,480.0,1.3333333333333333,1000.0,2960.0,90.0,nan,90.0
train,Contento,dataset_videos\Contento\Contento_563e0709-d0d4-4250-b24c-fbac62bd51a9.mp4,1.0,1.0,1.0,1.0,1.0,0.1746736915622032,0.34923988150225743,0.5611391074127621,0.1947249029326709,0.5027497705486086,0.36495161520110236,0.7629629629629632,0.0,0.006878306878306878,640.0,480.0,1.3333333333333333,30.303030303030305,nan,91.0,nan,91.0
train,Tener,dataset_videos\Tener\Tener_3c95fa66-b74d-4bd3-9376-1fbec7443d3b.mp4,1.0,1.0,0.9777777777777777,1.0,0.9777777777777777,0.23317872003324094,0.40134183433320786,0.7536391301287545,0.30261055865896364,0.4279558128780789,0.24424406588077546,0.7602693602693604,0.1698412698412698,0.3544973544973545,640.0,480.0,1.3333333333333333,1000.0,2960.0,90.0,nan,90.0
train,Decir,dataset_videos\Decir\Decir_a5992a3a-1f38-4f7e-8b43-75d4a9f9c28c.mp4,1.0,1.0,0.9111111111111111,1.0,0.9111111111111111,0.22841027486339713,0.3659755825996399,0.7233612832095888,0.26466498251149834,0.39206170671515994,0.21150533027119106,0.7575757575757577,0.0,0.0026455026455026454,640.0,480.0,1.3333333333333333,1000.0,2992.0,91.0,nan,91.0
train,Visitar,dataset_videos\Visitar\Visitar_97f384b0-f8cd-42e1-929c-f5b10298f14d.mp4,1.0,0.9333333333333333,0.8666666666666667,0.9777777777777777,0.8222222222222222,0.2206301660655813,0.4016171740161048,0.6969121678007973,0.279212197387988,0.42791741523477766,0.2599497649404738,0.7602693602693604,0.03625541125541127,0.1033549783549784,640.0,480.0,1.3333333333333333,1000.0,2960.0,90.0,nan,90.0
train,Triste,dataset_videos\Triste\Triste_cfa14387-4d38-4702-9444-18143acce2fb.mp4,1.0,0.8222222222222222,0.7777777777777778,0.8888888888888888,0.7111111111111111,0.21550929103801578,0.369806049267451,0.6712803317440881,0.24787715254267115,0.41959346897072264,0.2525617288218604,0.7575757575757577,0.03869047619047619,0.14523809523809522,640.0,480.0,1.3333333333333333,1000.0,2960.0,90.0,nan,90.0
train,Responder,dataset_videos\Responder\Responder_df792c60-fa78-4c2f-88bf-db3531c4d0e4.mp4,1.0,1.0,0.9333333333333333,1.0,0.9333333333333333,0.21517547537462078,0.33333656721644933,0.7065985782278909,0.23555123561988078,0.41937012837992776,0.24005765385097927,0.7575757575757577,0.0,0.12433862433862432,640.0,480.0,1.3333333333333333,1000.0,2960.0,90.0,nan,90.0
train,Algunos,dataset_videos\Algunos\Algunos_083900c7-dd9d-4193-9620-c0d950c61556.mp4,1.0,0.9333333333333333,0.9777777777777777,1.0,0.9111111111111111,0.20775830406183876,0.33602549499935574,0.7832809160153071,0.2623213511837873,0.3549107687340842,0.1854006075196796,0.7878787878787877,0.0,0.0,640.0,480.0,1.3333333333333333,1000.0,2960.0,90.0,nan,90.0
train,Querer,dataset_videos\Querer\Querer_336c07e1-2e80-4beb-a85d-c69cac6aa99d.mp4,1.0,0.9777777777777777,1.0,1.0,0.9777777777777777,0.21172121431493687,0.3271510468588935,0.686738579471906,0.2237160377516816,0.42233378059334226,0.255003226796786,0.7649831649831651,0.0,0.0,640.0,480.0,1.3333333333333333,1000.0,2960.0,90.0,nan,90.0
train,Recordar,dataset_videos\Recordar\Recordar_18c79fe3-e742-4e0e-b707-79046bda7eb9.mp4,1.0,1.0,0.8666666666666667,1.0,0.8666666666666667,0.22244609796271825,0.3853688014878167,0.7392237603664398,0.2855187418667776,0.4284353716505898,0.2559845593240526,0.7609427609427611,0.1137566137566137,0.2724867724867722,640.0,480.0,1.3333333333333333,1000.0,2976.0,90.0,nan,90.0
train,Caminar,dataset_videos\Caminar\Caminar_ebe15c54-5a1e-45f2-9592-60d772286ee4.mp4,1.0,1.0,0.8444444444444444,1.0,0.8444444444444444,0.19722340896071253,0.3492101914352841,0.7329325947496627,0.255776733563696,0.47647048234939576,0.3137103941705492,0.7744107744107743,0.06031746031746029,0.15714285714285717,640.0,480.0,1.3333333333333333,30.303030303030305,nan,90.0,nan,90.0
train,Olvidar,dataset_videos\Olvidar\Olvidar_f4eb950e-d654-46bb-a32a-00cb9bb960b5.mp4,1.0,1.0,0.8888888888888888,1.0,0.8888888888888888,0.20878496956343612,0.36704848143789504,0.7070049236218134,0.257932775013708,0.41416921516259514,0.24554709328545465,0.7629629629629632,0.0,0.0,640.0,480.0,1.3333333333333333,1000.0,2960.0,90.0,nan,90.0
train,c,dataset_videos\c\c_85eae029-5664-45ca-a652-4a26bc6049f6.mp4,1.0,1.0,1.0,1.0,1.0,0.191354057756541,0.35246232350667317,0.6257902218235863,0.2206769991807924,0.4866422050529056,0.3283594283792708,0.7562289562289564,0.0,0.017989417989418,640.0,480.0,1.3333333333333333,30.303030303030305,nan,89.0,nan,89.0
train,Cuánto,dataset_videos\Cuánto\Cuánto_712a5f6d-5f78-4826-8878-0a72ac73cee5.mp4,1.0,0.8222222222222222,0.9555555555555556,0.9777777777777777,0.8,0.20023148002913593,0.3387540400028229,0.7353531612290276,0.24613500536012925,0.4007906261417601,0.24345603552129533,0.7764309764309767,0.0,0.0,640.0,480.0,1.3333333333333333,1000.0,2960.0,90.0,nan,90.0
train,Buscar,dataset_videos\Buscar\Buscar_c20a4ecc-af11-4fd4-a5b7-ae456835e53c.mp4,1.0,1.0,0.9333333333333333,1.0,0.9333333333333333,0.20141334923844692,0.3330259733729892,0.6876222650210063,0.22903465078383942,0.3743654797474543,0.21234839028782315,0.7609427609427611,0.0,0.0,640.0,480.0,1.3333333333333333,1000.0,2928.0,89.0,nan,89.0
train,Lo siento,dataset_videos\Lo siento\Lo siento_8bd00d0b-e344-47bc-9b43-b0707de19763.mp4,1.0,1.0,0.9777777777777777,1.0,0.9777777777777777,0.2160033414660553,0.3443897459242079,0.718607199854321,0.24773183209381064,0.41878014206886294,0.2426602969566981,0.7609427609427611,0.0,0.010052910052910053,640.0,480.0,1.3333333333333333,1000.0,4976.0,150.0,nan,150.0
train,Gracias,dataset_videos\Gracias\Gracias_4712e7eb-a725-4fb0-956a-72a85b23d567.mp4,1.0,0.9777777777777777,0.9111111111111111,1.0,0.8888888888888888,0.20733026930498835,0.34251300162739223,0.6667257626851399,0.22853698663854846,0.4260998166269726,0.25575261347823675,0.758922558922559,0.029629629629629624,0.13280423280423279,640.0,480.0,1.3333333333333333,1000.0,2960.0,90.0,nan,90.0
train,Defender,dataset_videos\Defender\Defender_1fac9754-8507-4a5c-b6de-40e3380e8b68.mp4,1.0,0.9111111111111111,0.9333333333333333,0.9777777777777777,0.8666666666666667,0.2308683521752791,0.37234596345159743,0.7359241071674559,0.2733872150360383,0.39734763304392495,0.21323627796438005,0.7555555555555558,0.0,0.0,640.0,480.0,1.3333333333333333,1000.0,2928.0,89.0,nan,89.0
train,Respetar,dataset_videos\Respetar\Respetar_38cb561b-cade-4b02-87d5-23c5e6c69cfb.mp4,1.0,0.9777777777777777,0.9333333333333333,1.0,0.9111111111111111,0.21371315894345458,0.37041104899512395,0.7509814696179495,0.27494726741118325,0.4215229411919912,0.24624739289283754,0.7723905723905725,0.0,0.0,640.0,480.0,1.3333333333333333,1000.0,2960.0,90.0,nan,90.0
train,Tú,dataset_videos\Tú\Tú_ce8f35b9-9005-4d21-93c6-e8a20c04c521.mp4,1.0,1.0,0.8888888888888888,1.0,0.8888888888888888,0.20885002313912818,0.341104879644182,0.6855951090653737,0.23393739131815167,0.42748624053266315,0.2624534000953039,0.7582491582491583,0.0,0.06402116402116403,640.0,480.0,1.3333333333333333,1000.0,2976.0,90.0,nan,90.0
train,Pasear,dataset_videos\Pasear\Pasear_0cd534d8-56c1-4f0f-8480-9d840f2e3f9e.mp4,1.0,0.9333333333333333,0.9333333333333333,0.9555555555555556,0.9111111111111111,0.2115599614001413,0.3341195086638133,0.6640923963652716,0.2226406711752274,0.4122499108314514,0.2461694316731559,0.7602693602693604,0.0,0.013842746400885939,640.0,480.0,1.3333333333333333,1000.0,2960.0,90.0,nan,90.0
train,Creer,dataset_videos\Creer\Creer_39a53463-fb8d-4585-a772-01f1c07775e8.mp4,1.0,0.9333333333333333,0.9555555555555556,1.0,0.8888888888888888,0.1919727089271318,0.3241619454489814,0.6847281869914796,0.2212919917665977,0.3971141066816118,0.23590759370062087,0.7744107744107748,0.0,0.0,640.0,480.0,1.3333333333333333,1000.0,2976.0,90.0,nan,90.0
train,Tú,dataset_videos\Tú\Tú_01000a6b-b915-40f9-941e-249dfa09fd0b.mp4,1.0,1.0,0.9111111111111111,1.0,0.9111111111111111,0.21440521745959434,0.34818359944555494,0.6942087537712521,0.24172878329462597,0.42600455317232344,0.2553209559784995,0.7575757575757577,0.011640211640211638,0.16243386243386246,640.0,480.0,1.3333333333333333,1000.0,2992.0,91.0,nan,91.0
train,El,dataset_videos\El\El_cf057a0f-81b1-4ecf-a557-59fda0f432bc.mp4,1.0,1.0,0.9555555555555556,1.0,0.9555555555555556,0.20864195999015023,0.3543960690498352,0.690283496512307,0.24479853338072802,0.42973770731025274,0.25296412342124514,0.7575757575757577,0.029629629629629624,0.17671957671957675,640.0,480.0,1.3333333333333333,1000.0,2944.0,89.0,nan,89.0
train,t,dataset_videos\t\t_afd25521-c402-4ad2-b5d6-892e33fdffc8.mp4,1.0,1.0,0.9555555555555556,1.0,0.9555555555555556,0.20588837396488396,0.33828393353356256,0.731896796491411,0.2458621697086717,0.42779320577780405,0.2483052134513855,0.7690235690235693,0.0,0.0,640.0,480.0,1.3333333333333333,62.5,185.0,90.0,2.96,90.0
train,i,dataset_videos\i\i_92ea4802-01c9-431b-82f6-876352322bdd.mp4,1.0,1.0,0.8888888888888888,1.0,0.8888888888888888,0.21181944312488565,0.3447474307484097,0.6969575279288822,0.24019330449568668,0.41909391548898484,0.2362657477458318,0.7582491582491583,0.0,0.0,640.0,480.0,1.3333333333333333,1000.0,2976.0,90.0,nan,90.0
train,j,dataset_videos\j\j_a8aed4ce-6aed-4317-9423-e3b8188ca6c8.mp4,1.0,1.0,0.9777777777777777,1.0,0.9777777777777777,0.18349992283480515,0.3283630695607927,0.6199884374936422,0.20351462128570574,0.4853036363919576,0.33542022969987656,0.758922558922559,0.0,0.013756613756613757,640.0,480.0,1.3333333333333333,30.303030303030305,nan,90.0,nan,90.0
train,Acostumbrar,dataset_videos\Acostumbrar\Acostumbrar_e772b520-796f-4859-8812-e5d83cfef9cf.mp4,1.0,1.0,1.0,1.0,1.0,0.25898526022067814,0.4355054073863559,0.7957135660780801,0.34662471427554625,0.3483859701289071,0.1416524746351772,0.7575757575757577,0.013227513227513227,0.022751322751322748,640.0,480.0,1.3333333333333333,1000.0,2960.0,90.0,nan,90.0
train,Cuando,dataset_videos\Cuando\Cuando_e0b374e6-cb70-4e1c-82ff-04fe6794f6cd.mp4,1.0,1.0,0.8666666666666667,1.0,0.8666666666666667,0.20635004074142585,0.3570419463846419,0.6778076827526093,0.2420531101362733,0.3974518636862437,0.22796996964348687,0.754882154882155,0.0,0.0,640.0,480.0,1.3333333333333333,1000.0,2960.0,90.0,nan,90.0
train,q,dataset_videos\q\q_75e2787e-8666-4e10-92b6-f6120fd9bde7.mp4,1.0,1.0,0.9555555555555556,1.0,0.9555555555555556,0.21129270153766058,0.3286333123842875,0.6288302352031072,0.20662598658902628,0.4249990079138014,0.25022076401445603,0.7582491582491583,0.0,0.0,640.0,480.0,1.3333333333333333,1000.0,2960.0,90.0,nan,90.0
train,Aburrido,dataset_videos\Aburrido\Aburrido_611245fd-e47b-4a6d-8e33-25cfe58aa081.mp4,1.0,1.0,0.6888888888888889,1.0,0.6888888888888889,0.23217389184456977,0.3944779998726315,0.7528810693158043,0.2971469243339718,0.3793516473637687,0.19704486827055614,0.7575757575757577,0.04232804232804234,0.19312169312169303,640.0,480.0,1.3333333333333333,1000.0,2960.0,90.0,nan,90.0
train,n,dataset_videos\n\n_f8cabc3d-3b02-4f89-a21f-26c6f2a03e27.mp4,1.0,0.9777777777777777,0.9777777777777777,1.0,0.9555555555555556,0.2139681610513754,0.38182763589753044,0.6788154164950053,0.2600161731131752,0.4796537948979272,0.30411212179395886,0.6976430976430977,0.3502645502645505,0.4804232804232806,640.0,480.0,1.3333333333333333,30.303030303030305,nan,90.0,nan,90.0
train,Dónde,dataset_videos\Dónde\Dónde_12bde442-7b84-4b45-a638-980aed24a19c.mp4,1.0,0.8888888888888888,0.8888888888888888,0.9555555555555556,0.8222222222222222,0.22472665226207764,0.34348408579826356,0.663532852795389,0.22790716153835133,0.38996726274490356,0.20736081500848133,0.7528619528619529,0.0,0.0,640.0,480.0,1.3333333333333333,1000.0,2928.0,89.0,nan,89.0
train,Hablar,dataset_videos\Hablar\Hablar_70130bc4-8411-43f0-828d-bc5760de19d4.mp4,1.0,0.9555555555555556,0.9555555555555556,1.0,0.9111111111111111,0.20369512501026882,0.3450231002436744,0.6257487833499908,0.2158924104445378,0.40830861197577584,0.24402398930655586,0.7575757575757577,0.0,0.0,640.0,480.0,1.3333333333333333,1000.0,2960.0,90.0,nan,90.0
train,Decir,dataset_videos\Decir\Decir_c7153045-9e0e-4653-9819-3737aa0ca4e8.mp4,1.0,1.0,0.9111111111111111,1.0,0.9111111111111111,0.22727313324371454,0.37305415868759156,0.7428999086221059,0.27712187783674513,0.38807400067647296,0.20061688125133514,0.7575757575757577,0.0,0.022222222222222233,640.0,480.0,1.3333333333333333,1000.0,2992.0,91.0,nan,91.0
train,Agregar,dataset_videos\Agregar\Agregar_59bcec39-eefd-4d31-8cba-3d2c299b44dc.mp4,1.0,0.9777777777777777,0.9555555555555556,1.0,0.9333333333333333,0.22598711449404113,0.4317988865905338,0.7033294611506992,0.3043491092637942,0.3536679016219245,0.1809430503182941,0.7595959595959597,0.0,0.0,640.0,480.0,1.3333333333333333,62.5,187.0,91.0,2.992,91.0
train,Contento,dataset_videos\Contento\Contento_bbf7f3fc-5a2f-4243-ae99-abcb97f6efa4.mp4,1.0,0.8666666666666667,0.9111111111111111,1.0,0.7777777777777778,0.19756781909382296,0.3606447550985548,0.7023743053277334,0.24918821867645788,0.401525166299608,0.23463996748129526,0.7730639730639735,0.0,0.0,640.0,480.0,1.3333333333333333,1000.0,2960.0,90.0,nan,90.0
train,Perdón,dataset_videos\Perdón\Perdón_3bc13f4c-6429-43ac-82d2-5f8b48648ca4.mp4,1.0,0.9333333333333333,0.9111111111111111,1.0,0.8444444444444444,0.20657370526476554,0.32808941735161673,0.7205871449576484,0.23551599345167296,0.4212433589829339,0.25851046807236144,0.7683501683501687,0.0,0.0,640.0,480.0,1.3333333333333333,1000.0,2960.0,90.0,nan,90.0
train,y,dataset_videos\y\y_8e0758b8-6a18-41f5-9196-ca86378fc181.mp4,1.0,0.0,1.0,1.0,0.0,0.4321976219566007,0.7524872289763557,0.6716889508896404,0.5054097340344923,0.3661337794529067,0.3869431561893887,0.692929292929293,0.0,0.0,640.0,480.0,1.3333333333333333,30.320044918585065,90.0,90.0,2.9683333333333333,90.0
train,b,dataset_videos\b\b_05bc6387-e9d2-40fc-a1ac-770a5f2ef403.mp4,1.0,0.0,1.0,1.0,0.0,0.48324656451951054,0.6642893605762058,0.9333510756492615,0.6199597583860648,0.9281505684057871,0.5442376083797879,0.5454545454545456,0.0,0.0,640.0,480.0,1.3333333333333333,30.303030303030305,nan,45.0,nan,45.0
train,Día,dataset_videos\Día\Día_d11990fe-317e-4042-970e-7a5fa61f9d1d.mp4,1.0,1.0,0.7111111111111111,1.0,0.7111111111111111,0.2353333089640502,0.37653256588511996,0.7526176700989405,0.28341742917954055,0.3953791134887271,0.19588454729980892,0.7575757575757577,0.02698412698412698,0.1846560846560846,640.0,480.0,1.3333333333333333,1000.0,2960.0,90.0,nan,90.0
train,Contento,dataset_videos\Contento\Contento_eaf16ce3-6298-4193-98a0-c2e46326468e.mp4,1.0,0.8222222222222222,0.9777777777777777,1.0,0.8,0.2071331756697833,0.38818408946196237,0.6746732443571091,0.2612196563643413,0.39969546364413366,0.23262486590279474,0.7609427609427611,0.0,0.0,640.0,480.0,1.3333333333333333,1000.0,2960.0,90.0,nan,90.0
train,Salir,dataset_videos\Salir\Salir_3f1300cb-842f-4bf4-8c7c-a65a9d7f0b1e.mp4,1.0,0.9555555555555556,0.9555555555555556,1.0,0.9111111111111111,0.19598123419393895,0.3256380710336897,0.7877393391397264,0.25734402597318334,0.4196821447875765,0.24830827050738866,0.7804713804713808,0.0,0.0,640.0,480.0,1.3333333333333333,1000.0,2960.0,90.0,nan,90.0
train,Mucho,dataset_videos\Mucho\Mucho_692f6fc9-8dfa-4e8a-8949-a3bf26c89973.mp4,1.0,0.8888888888888888,0.9111111111111111,0.9555555555555556,0.8444444444444444,0.21664038338436156,0.331632403532664,0.7640950332085291,0.2513874146088132,0.4149047142929501,0.24440616038110521,0.7791245791245793,0.0,0.0,640.0,480.0,1.3333333333333333,62.5,185.0,90.0,2.96,90.0
train,Gustar,dataset_videos\Gustar\Gustar_7bb9328f-6975-4656-b19d-c0ac93fdaf0b.mp4,1.0,1.0,0.9111111111111111,1.0,0.9111111111111111,0.20122085583058782,0.3493165605598026,0.626280947195159,0.2188198689436762,0.4280055128865772,0.2532984326283137,0.7575757575757577,0.0,0.0,640.0,480.0,1.3333333333333333,1000.0,2944.0,89.0,nan,89.0
train,z,dataset_videos\z\z_cdd34a0b-505c-4119-a15d-9545909b6005.mp4,1.0,1.0,0.9111111111111111,1.0,0.9111111111111111,0.22884517370688395,0.3691925452815162,0.7448599666357041,0.27492609791084655,0.42456210454305016,0.23495315048429702,0.7575757575757577,0.28518518518518515,0.432804232804233,640.0,480.0,1.3333333333333333,1000.0,2976.0,90.0,nan,90.0
train,Respetar,dataset_videos\Respetar\Respetar_b7370877-2e50-4db0-94fb-b80fbf1acdae.mp4,1.0,1.0,0.9333333333333333,1.0,0.9333333333333333,0.20757414706386174,0.35259587566057843,0.7512398279375501,0.26177398039793215,0.4271728843450546,0.25920389890670775,0.7723905723905725,0.0,0.0,640.0,480.0,1.3333333333333333,1000.0,2976.0,90.0,nan,90.0
train,Lo siento,dataset_videos\Lo siento\Lo siento_00e71d9e-016c-461a-84a9-d01d1608ebee.mp4,1.0,1.0,1.0,1.0,1.0,0.215278747189565,0.34587373865975274,0.6935009900066588,0.23986287885529822,0.4181452131933636,0.24238547715875838,0.7575757575757577,0.0,0.004232804232804232,640.0,480.0,1.3333333333333333,62.5,310.0,150.0,4.96,150.0
train,Ayer,dataset_videos\Ayer\Ayer_9fc2a9b5-2a48-4301-aaa7-65900a007353.mp4,1.0,1.0,0.8444444444444444,1.0,0.8444444444444444,0.22632965696995797,0.3699586808681488,0.7879914419518577,0.289231493507689,0.3757162630558014,0.1924619711107678,0.7750841750841754,0.0,0.0,640.0,480.0,1.3333333333333333,1000.0,2960.0,90.0,nan,90.0
train,Decir,dataset_videos\Decir\Decir_0b534625-1f57-4718-89fe-a44a91a6221f.mp4,1.0,0.044444444444444446,0.8888888888888888,0.8888888888888888,0.044444444444444446,0.23626644398155758,0.3830266343222724,0.7270748919910854,0.2784414767597043,0.39387957453727723,0.20349371201462216,0.744781144781145,0.005952380952380952,0.06666666666666667,640.0,480.0,1.3333333333333333,1000.0,2960.0,90.0,nan,90.0
train,Cuánto,dataset_videos\Cuánto\Cuánto_e69f221f-4528-4cb0-8bf0-95096372797c.mp4,1.0,0.8222222222222222,0.9555555555555556,0.9555555555555556,0.8222222222222222,0.20215729681710243,0.33411799669265746,0.7577080067661074,0.24976333254712005,0.3998906943533156,0.24399742980798086,0.7791245791245791,0.0,0.0,640.0,480.0,1.3333333333333333,1000.0,2960.0,90.0,nan,90.0
train,e,dataset_videos\e\e_e767289f-6bfc-41f3-a4b6-02d5a0cd5f15.mp4,1.0,1.0,0.9555555555555556,1.0,0.9555555555555556,0.20435933428127792,0.3564710120360057,0.6865870187679927,0.2447804932272329,0.42648674017853205,0.2474251406060325,0.7575757575757577,0.0,0.06296296296296294,640.0,480.0,1.3333333333333333,1000.0,2976.0,90.0,nan,90.0
train,Pedir,dataset_videos\Pedir\Pedir_0466b43f-7618-45ac-9299-dec199e455f6.mp4,1.0,0.9333333333333333,0.9111111111111111,1.0,0.8444444444444444,0.22206719021432345,0.3487651460700565,0.7025270306401783,0.24618910165736238,0.4158278034793006,0.23889868458112082,0.758922558922559,0.03756613756613757,0.1555555555555555,640.0,480.0,1.3333333333333333,1000.0,2944.0,89.0,nan,89.0
train,Otra vez,dataset_videos\Otra vez\Otra vez_b2536ea2-0a06-4f6e-bbfc-b0320ca241d3.mp4,1.0,0.7333333333333333,0.9777777777777777,1.0,0.7111111111111111,0.21426333403086878,0.36124470631281536,0.6873691224389606,0.24930978414119956,0.4093698643975788,0.23963547746340433,0.7602693602693604,0.013756613756613755,0.07142857142857141,640.0,480.0,1.3333333333333333,1000.0,2960.0,90.0,nan,90.0
train,Decidir,dataset_videos\Decidir\Decidir_b165eec9-0ca4-4dca-a1ce-57d2002033d6.mp4,1.0,1.0,0.7777777777777778,1.0,0.7777777777777778,0.2269897575600255,0.37284683055347867,0.7111401799652312,0.2651051665923763,0.400302920738856,0.22622063457965852,0.7542087542087543,0.0026455026455026454,0.08359788359788356,640.0,480.0,1.3333333333333333,1000.0,2960.0,90.0,nan,90.0
train,f,dataset_videos\f\f_32144063-3e19-42a2-a83d-015ad38316ae.mp4,1.0,1.0,1.0,1.0,1.0,0.2022411279756471,0.3536999132898119,0.6700746463404761,0.23699682009098472,0.48852931823995377,0.3213926361666785,0.7575757575757577,0.14126984126984107,0.29629629629629656,640.0,480.0,1.3333333333333333,30.303030303030305,nan,90.0,nan,90.0
train,Por qué,dataset_videos\Por qué\Por qué_57df7fae-b111-41c7-bb53-4632cda6291d.mp4,1.0,1.0,0.9333333333333333,1.0,0.9333333333333333,0.18898587066504946,0.36315353479650286,0.6491109404298995,0.23574218660554155,0.5192755725648668,0.37388845086097716,0.7582491582491583,0.28730158730158745,0.5005291005291009,640.0,480.0,1.3333333333333333,30.303030303030305,nan,150.0,nan,150.0
train,Infección,dataset_videos\Infección\Infección_01131b94-887f-4e7f-9c69-16798988e320.mp4,1.0,0.8444444444444444,0.8666666666666667,0.9111111111111111,0.8,0.223220854539111,0.3608179099029965,0.7079303754700554,0.255322613728671,0.41548523505528767,0.23857112493779925,0.7609427609427611,0.0011614401858304297,0.05400696864111498,640.0,480.0,1.3333333333333333,1000.0,2960.0,90.0,nan,90.0
train,Por qué,dataset_videos\Por qué\Por qué_363cc4c5-6c60-4358-a049-482f5b574eb8.mp4,1.0,0.0,0.4666666666666667,0.4666666666666667,0.0,0.21977230202680195,0.3731993622250027,0.5843945271439023,0.22184334682244047,0.5130429403649436,0.32822607623206246,0.5898989898989896,0.05442176870748299,0.06802721088435373,640.0,480.0,1.3333333333333333,30.303030303030305,nan,150.0,nan,150.0
train,Hablar,dataset_videos\Hablar\Hablar_33c0ed10-38e8-41ab-9027-353db8bbaba7.mp4,1.0,1.0,0.9555555555555556,1.0,0.9555555555555556,0.20826803397267,0.342612263891432,0.6280615309874217,0.21530766487800268,0.40683291057745613,0.24265408979521857,0.7575757575757577,0.0,0.0,640.0,480.0,1.3333333333333333,1000.0,2960.0,90.0,nan,90.0
train,Entrar,dataset_videos\Entrar\Entrar_e432aaa2-79a0-4abe-966d-bf32940c4d36.mp4,1.0,0.9777777777777777,0.9333333333333333,1.0,0.9111111111111111,0.2137295559025804,0.34891220066282486,0.7556080824799007,0.26252994844595157,0.429366977347268,0.2496311432785458,0.7723905723905725,0.0,0.0,640.0,480.0,1.3333333333333333,1000.0,2960.0,90.0,nan,90.0
train,Creer,dataset_videos\Creer\Creer_34a4feaa-c1cd-4fe2-a0b7-4c5200942561.mp4,1.0,1.0,0.9777777777777777,1.0,0.9777777777777777,0.17241175298871603,0.31283052100075615,0.5909626834922367,0.18474924855233682,0.50623237060176,0.36775110562642416,0.7656565656565658,0.0,0.009523809523809523,640.0,480.0,1.3333333333333333,30.303030303030305,nan,91.0,nan,91.0
train,Ayer,dataset_videos\Ayer\Ayer_03aedf14-5621-42b0-89a1-5bb4ed1dccdb.mp4,1.0,1.0,0.8222222222222222,1.0,0.8222222222222222,0.21842003642092203,0.36097050971455047,0.7683283636967341,0.2757611981195966,0.37939222355683644,0.19699114594194625,0.7569023569023571,0.0,0.0,640.0,480.0,1.3333333333333333,1000.0,2976.0,90.0,nan,90.0
train,No hay,dataset_videos\No hay\No hay_a35d9ca1-ca5f-44cc-9839-af364baab747.mp4,1.0,0.8444444444444444,0.9333333333333333,1.0,0.7777777777777778,0.23242226742303526,0.3628552986515893,0.7653705683019426,0.2772792763937746,0.4207148912880156,0.2374960869550705,0.7643097643097643,0.21322751322751327,0.3656084656084657,640.0,480.0,1.3333333333333333,1000.0,2976.0,90.0,nan,90.0
train,Mostrar,dataset_videos\Mostrar\Mostrar_a4dfb79d-bd8d-4752-86f5-95f6231c564d.mp4,1.0,0.9111111111111111,1.0,1.0,0.9111111111111111,0.2189962281580333,0.3281662245591482,0.6966780407561196,0.23117170208981364,0.4197954949405458,0.23800808356867897,0.758922558922559,0.0380952380952381,0.11269841269841269,640.0,480.0,1.3333333333333333,1000.0,2944.0,89.0,nan,89.0
train,Amigo,dataset_videos\Amigo\Amigo_f4baefb8-b23f-4261-ae33-40cc1d626683.mp4,1.0,0.9777777777777777,0.9333333333333333,0.9777777777777777,0.9333333333333333,0.24510354410561513,0.40953100853496127,0.7396830022335052,0.3020974981833059,0.37306127150853474,0.17906352016660904,0.7582491582491583,0.0010822510822510823,0.028679653679653683,640.0,480.0,1.3333333333333333,1000.0,2976.0,90.0,nan,90.0
train,g,dataset_videos\g\g_8a66e963-c12e-4ef7-b948-b80b3e29527d.mp4,1.0,0.0,0.6444444444444445,0.6444444444444445,0.0,0.5473223339393593,0.7168166236744986,0.7336540129449632,0.5400775696486387,0.910646563106113,0.5429742932319641,0.5340067340067342,0.0016420361247947454,0.032840722495894925,640.0,480.0,1.3333333333333333,30.303030303030305,nan,45.0,nan,45.0
train,Acompañar,dataset_videos\Acompañar\Acompañar_86b36e2f-d9a7-43fc-a8eb-7359d607d36a.mp4,1.0,0.9777777777777777,0.9777777777777777,1.0,0.9555555555555556,0.23823161271493454,0.37110187080171375,0.7833365673820177,0.2904417821952537,0.3454085283809238,0.1603521317243576,0.7676767676767677,0.0,0.0,640.0,480.0,1.3333333333333333,1000.0,2976.0,90.0,nan,90.0
train,w,dataset_videos\w\w_559101ab-30c3-40bd-a58c-6d7e30061a91.mp4,1.0,0.0,1.0,1.0,0.0,0.4486437158415759,0.6404682891236411,0.7472935252719455,0.47999338483300796,0.9688610739178127,0.6380123800701565,0.5454545454545456,0.0,0.0,640.0,480.0,1.3333333333333333,30.303030303030305,nan,30.0,nan,30.0
train,Aprender,dataset_videos\Aprender\Aprender_b640aff6-3890-4b20-8516-765d929597a1.mp4,1.0,0.9777777777777777,0.8666666666666667,1.0,0.8444444444444444,0.21592430142296376,0.3626521613862779,0.6991378353701697,0.2526883732987132,0.3724404076735179,0.19868205851978726,0.7636363636363637,0.0,0.0,640.0,480.0,1.3333333333333333,1000.0,2944.0,89.0,nan,89.0
train,Bien,dataset_videos\Bien\Bien_50724cfb-d59b-480e-8b91-c5a8b4df3e79.mp4,1.0,1.0,1.0,1.0,1.0,0.20578741773588302,0.3456986433929867,0.6933110965622796,0.2397071394843647,0.47488177253140346,0.3047000885009766,0.7622895622895625,0.14920634920634906,0.31693121693121673,640.0,480.0,1.3333333333333333,30.303030303030305,nan,89.0,nan,89.0
train,Qué paso,dataset_videos\Qué paso\Qué paso_c2b4165d-f778-4dc5-952a-ee820e3cf70a.mp4,1.0,1.0,1.0,1.0,1.0,0.20776645360102242,0.32401706178983053,0.7084588703182009,0.22929855116391024,0.421825666891204,0.24820344547430676,0.7703703703703705,0.0,0.0,640.0,480.0,1.3333333333333333,1000.0,2976.0,90.0,nan,90.0
train,Buscar,dataset_videos\Buscar\Buscar_29eaa90c-2c96-49ca-b0ce-99536b454795.mp4,1.0,0.15555555555555556,0.8666666666666667,0.8888888888888888,0.13333333333333333,0.20614317005753202,0.3336756322118971,0.6625396000014411,0.22093097756830068,0.37955669065316516,0.2167030692100525,0.7602693602693604,0.0,0.0,640.0,480.0,1.3333333333333333,1000.0,2960.0,90.0,nan,90.0
train,m,dataset_videos\m\m_048f422b-2583-4840-89b5-ee411cfb2761.mp4,1.0,1.0,0.9555555555555556,1.0,0.9555555555555556,0.20648252531604855,0.3480485353204939,0.7433768100208706,0.25730374047325166,0.41824659208456677,0.2413455605506897,0.7744107744107748,0.0,0.0,640.0,480.0,1.3333333333333333,1000.0,2960.0,90.0,nan,90.0
train,Triste,dataset_videos\Triste\Triste_3555b8e7-6bd5-4e62-b2e8-c1c33fda33ca.mp4,1.0,0.9111111111111111,0.9111111111111111,0.9777777777777777,0.8444444444444444,0.21209657706057541,0.3531202495098114,0.7464048643906911,0.26042198751536016,0.42038975490464103,0.25342718296580846,0.773737373737374,0.0,0.0,640.0,480.0,1.3333333333333333,1000.0,2960.0,90.0,nan,90.0
train,Hospital,dataset_videos\Hospital\Hospital_d7c196cf-3221-4fcb-90f8-2efbac4d3630.mp4,1.0,1.0,0.9777777777777777,1.0,0.9777777777777777,0.21710142094248852,0.351206241051356,0.7564650552140342,0.26474853802402726,0.40716444651285805,0.23932384649912516,0.7629629629629631,0.020634920634920634,0.12486772486772482,640.0,480.0,1.3333333333333333,1000.0,2960.0,90.0,nan,90.0
train,Preocupar,dataset_videos\Preocupar\Preocupar_62e89901-328d-425b-892f-0c9661aa59f1.mp4,1.0,0.9111111111111111,0.8888888888888888,1.0,0.8,0.22576590073858646,0.40669683383570776,0.7482530093855329,0.3047618517050475,0.4192481838994556,0.2407277113861508,0.7636363636363637,0.03915343915343916,0.11269841269841269,640.0,480.0,1.3333333333333333,1000.0,2960.0,90.0,nan,90.0
train,Agregar,dataset_videos\Agregar\01-Agregar-Palabra-1.m4v,1.0,1.0,1.0,1.0,1.0,0.1885286560934682,0.32798903385798134,0.6967492202917734,0.22793011851513661,0.43529374996821085,0.24445238212744394,0.7575757575757577,0.0,0.0,854.0,478.0,1.786610878661088,29.97002997002997,84.0,84.0,2.8028,84.0
train,Gripa,dataset_videos\Gripa\Gripa_5f388481-fa1d-4b87-b8e0-47c282027b47.mp4,1.0,1.0,0.9555555555555556,1.0,0.9555555555555556,0.21511375298913862,0.3411380761199527,0.7199126740296682,0.24494136297705493,0.42925461596912806,0.2721045633157094,0.7407407407407406,0.0,0.0,640.0,480.0,1.3333333333333333,1000.0,2992.0,91.0,nan,91.0
train,Gracias,dataset_videos\Gracias\Gracias_b670415e-f038-4a54-af2c-0a0623eefba5.mp4,1.0,1.0,0.8888888888888888,1.0,0.8888888888888888,0.2129059499997237,0.35256236328019036,0.6828343672884836,0.24088662450690712,0.42903384930557675,0.25502872003449334,0.7582491582491583,0.0566137566137566,0.16878306878306878,640.0,480.0,1.3333333333333333,1000.0,2960.0,90.0,nan,90.0
train,Preocupar,dataset_videos\Preocupar\Preocupar_4a8a92ce-38ab-4d9f-a6c9-c133a729ed21.mp4,1.0,1.0,0.9111111111111111,1.0,0.9111111111111111,0.22511601814993937,0.3998495231072108,0.7979774044619666,0.31232388927153865,0.41786086526181965,0.2342950165271759,0.7737373737373741,0.0,0.0,640.0,480.0,1.3333333333333333,1000.0,2992.0,91.0,nan,91.0
train,Mal,dataset_videos\Mal\Mal_b452ac58-d6c3-41ba-a2dd-fdc3091f4d77.mp4,1.0,0.7777777777777778,0.9555555555555556,0.9555555555555556,0.7777777777777778,0.2238986283598938,0.36165685322549607,0.7276826017432743,0.2631039915906014,0.4237430844042036,0.23726695047484503,0.7582491582491583,0.03156146179401993,0.15005537098560354,640.0,480.0,1.3333333333333333,1000.0,2976.0,90.0,nan,90.0
train,Nosotros,dataset_videos\Nosotros\Nosotros_eabbf4d1-7aa3-439f-9006-f77e68410227.mp4,1.0,1.0,0.9555555555555556,1.0,0.9555555555555556,0.21999682514656213,0.36727298034562006,0.7479713665114509,0.27222073585254036,0.4134604331519869,0.23208942347102696,0.7690235690235693,0.0,0.0,640.0,480.0,1.3333333333333333,1000.0,2976.0,90.0,nan,90.0
train,Cómo,dataset_videos\Cómo\Cómo_cf57f90d-42e9-4d69-bc4f-694d6ad36854.mp4,1.0,0.9777777777777777,1.0,1.0,0.9777777777777777,0.22214120600632686,0.365508426560296,0.6752783053451115,0.24692169417588342,0.39576694435543486,0.22890748547183143,0.7575757575757577,0.0,0.0,640.0,480.0,1.3333333333333333,1000.0,2960.0,90.0,nan,90.0
train,Participar,dataset_videos\Participar\Participar_2e1b9970-9e58-4975-954a-8efa62189397.mp4,1.0,1.0,0.9555555555555556,1.0,0.9555555555555556,0.21123023299832408,0.32584181759092545,0.7486735787656572,0.24484253519995217,0.41109573973549735,0.2429100986984041,0.7723905723905725,0.0,0.0,640.0,480.0,1.3333333333333333,1000.0,2960.0,90.0,nan,90.0
train,w,dataset_videos\w\w_3dce783c-b126-49d7-9290-822729b3d5e2.mp4,1.0,1.0,0.9777777777777777,1.0,0.9777777777777777,0.22145486849512375,0.35322492784923976,0.7115058531363805,0.25132981393017484,0.42857625020874873,0.24664252897103628,0.7569023569023571,0.010582010582010581,0.17301587301587304,640.0,480.0,1.3333333333333333,1000.0,2992.0,91.0,nan,91.0
train,Abandonar,dataset_videos\Abandonar\Abandonar_551b38d2-fbed-4301-8047-53e3626353b0.mp4,1.0,0.8888888888888888,0.9333333333333333,0.9777777777777777,0.8444444444444444,0.22710404892430355,0.3996368057197995,0.7278599480787913,0.29079621845601,0.37974290549755096,0.1852509723769294,0.7555555555555558,0.038419913419913417,0.11038961038961038,640.0,480.0,1.3333333333333333,1000.0,2960.0,90.0,nan,90.0
train,Triste,dataset_videos\Triste\Triste_2de4df36-d71b-4229-a658-db94b53126ce.mp4,1.0,0.8888888888888888,0.8444444444444444,0.9777777777777777,0.7555555555555555,0.21073909627113402,0.3572216596868303,0.7020305130216811,0.24907738826868256,0.4217759731743071,0.25302734507454766,0.7656565656565659,0.0,0.0,640.0,480.0,1.3333333333333333,62.5,185.0,90.0,2.96,90.0
train,b,dataset_videos\b\b_5b068531-9d17-4b12-9018-d245f682d0af.mp4,1.0,1.0,0.9111111111111111,1.0,0.9111111111111111,0.21116785525875434,0.34108665188153586,0.6998236891296175,0.23858178132270633,0.3791899902953042,0.20008786883619095,0.7535353535353536,0.0,0.0,640.0,480.0,1.3333333333333333,1000.0,2928.0,89.0,nan,89.0
train,Aprovechar,dataset_videos\Aprovechar\Aprovechar_4efbbde0-aca8-4815-8f36-1699abf05520.mp4,1.0,1.0,0.9555555555555556,1.0,0.9555555555555556,0.22509684926369142,0.35860658354229397,0.7227162135971917,0.2590476062658476,0.37779496047231886,0.19741108185715145,0.7582491582491583,0.0,0.0,640.0,480.0,1.3333333333333333,1000.0,2976.0,90.0,nan,90.0
train,Triste,dataset_videos\Triste\Triste_680f75e4-91db-4cee-b771-da22a5b795d7.mp4,1.0,0.8666666666666667,0.7333333333333333,0.9333333333333333,0.6666666666666666,0.20460483607630447,0.34823164012697005,0.7204048040840361,0.248397672758014,0.4235322376092275,0.2585117604997423,0.7670033670033671,0.0,0.0,640.0,480.0,1.3333333333333333,1000.0,2960.0,90.0,nan,90.0
train,z,dataset_videos\z\z_cddc0d93-d7bb-4c7b-bb6c-78a478ccdea3.mp4,1.0,0.9777777777777777,0.9555555555555556,1.0,0.9333333333333333,0.21081404798713885,0.3732297201951345,0.7000455763604906,0.2612612734030919,0.4872437020142873,0.3097730384932624,0.7542087542087543,0.25026455026455013,0.45449735449735473,640.0,480.0,1.3333333333333333,30.303030303030305,nan,89.0,nan,89.0
train,Otra vez,dataset_videos\Otra vez\Otra vez_50b73a6f-185e-42e4-9cac-4c62777856ae.mp4,1.0,0.7555555555555555,0.9333333333333333,1.0,0.6888888888888889,0.22219903690365475,0.37201417220963373,0.7403746326764424,0.27761608191945053,0.41220550967587366,0.23785497976673975,0.7663299663299663,0.04867724867724867,0.15820105820105818,640.0,480.0,1.3333333333333333,1000.0,2976.0,90.0,nan,90.0
train,f,dataset_videos\f\f_c3138749-3825-479b-934f-0ef92a3e44aa.mp4,1.0,0.0,0.7555555555555555,0.7555555555555555,0.0,0.47443884212327475,0.7146103223164876,0.6831633638176653,0.4893247796727047,0.3974390705426534,0.40245771209398906,0.6336700336700332,0.0,0.0,640.0,480.0,1.3333333333333333,30.337078651685392,90.0,90.0,2.966666666666667,90.0
train,Decir,dataset_videos\Decir\Decir_7995a406-5dce-4104-ae9d-32d1222dd6f1.mp4,1.0,1.0,0.9333333333333333,1.0,0.9333333333333333,0.23266701291174507,0.36603885094324745,0.727799845735232,0.2663471059980661,0.391736528939671,0.21483748190932803,0.7575757575757577,0.0,0.011640211640211638,640.0,480.0,1.3333333333333333,1000.0,2976.0,90.0,nan,90.0
train,i,dataset_videos\i\i_9808e379-f864-45b4-8f92-a0ef6eb93764.mp4,1.0,0.9555555555555556,0.9555555555555556,1.0,0.9111111111111111,0.22701415732662822,0.35655421283509997,0.7355745044019487,0.2622066678714066,0.41613069110446504,0.22964306738641527,0.7582491582491583,0.03597883597883597,0.22804232804232807,640.0,480.0,1.3333333333333333,1000.0,2960.0,90.0,nan,90.0
train,Respetar,dataset_videos\Respetar\Respetar_46afa872-2c82-473c-8965-739b6e39e35f.mp4,1.0,1.0,0.9333333333333333,1.0,0.9333333333333333,0.201503058498389,0.34748745494418676,0.6713033374812868,0.23190739980085104,0.42721908423635696,0.2677407681941986,0.7636363636363639,0.0,0.0,640.0,480.0,1.3333333333333333,1000.0,2976.0,90.0,nan,90.0
train,Desmayarse,dataset_videos\Desmayarse\Desmayarse_c51085bc-dc02-4211-a30b-cb47e0deca04.mp4,1.0,1.0,0.9777777777777777,1.0,0.9777777777777777,0.22099491040223324,0.3842938996023602,0.7324680604868465,0.28096398289801316,0.3905783474445343,0.2082512312465244,0.7515151515151516,0.0,0.0,640.0,480.0,1.3333333333333333,1000.0,2944.0,89.0,nan,89.0
train,Interesar,dataset_videos\Interesar\Interesar_29d6b2bb-f192-4232-aba6-0a5ccd594333.mp4,1.0,0.8,0.8222222222222222,0.9555555555555556,0.6666666666666666,0.20820925448404784,0.31562735372119477,0.6973432547516293,0.2201122804481728,0.41506760716438296,0.25563662217723,0.7629629629629631,0.0,0.002768549280177187,640.0,480.0,1.3333333333333333,62.5,187.0,91.0,2.992,91.0
train,Bien,dataset_videos\Bien\Bien_edee1b42-1235-402e-a3ed-d226e027d7e8.mp4,1.0,0.4888888888888889,0.9333333333333333,0.9777777777777777,0.4444444444444444,0.21390464512680799,0.33023731443617077,0.6782527618938022,0.2239446718875225,0.3824469649129444,0.20152946246994866,0.758922558922559,0.0,0.0,640.0,480.0,1.3333333333333333,1000.0,2960.0,90.0,nan,90.0
train,Llevar,dataset_videos\Llevar\Llevar_1f68ee7d-4dc2-4a99-ae13-4cf7d95eff36.mp4,1.0,0.8666666666666667,0.8,0.9111111111111111,0.7555555555555555,0.21545956273262504,0.37110386590162914,0.6853078414996465,0.2549491232648519,0.41475396752357485,0.23406926393508912,0.758922558922559,0.0,0.02497096399535424,640.0,480.0,1.3333333333333333,1000.0,2944.0,89.0,nan,89.0
train,A veces,dataset_videos\A veces\A veces_2fc013cf-c390-4957-8f40-c8a1b4ea0384.mp4,1.0,0.8888888888888888,0.9777777777777777,1.0,0.8666666666666667,0.22369172225330608,0.4000548866060045,0.7257344158159362,0.29042894973531735,0.37734332084655764,0.20129093130429584,0.758922558922559,0.005820105820105819,0.031216931216931205,640.0,480.0,1.3333333333333333,1000.0,4928.0,149.0,nan,149.0
train,b,dataset_videos\b\b_9154fb58-d7cf-4774-b9a1-e4416cca826b.mp4,1.0,1.0,1.0,1.0,1.0,0.1893229317613963,0.34591655664973786,0.6363786101341248,0.2201316827831197,0.48707002732488847,0.3283678975370195,0.7575757575757577,0.023280423280423283,0.13333333333333325,640.0,480.0,1.3333333333333333,30.303030303030305,nan,90.0,nan,90.0
train,y,dataset_videos\y\y_7b48cd2a-8c8c-4b97-93e8-b7d9c5d09f5d.mp4,1.0,0.0,0.8888888888888888,0.8888888888888888,0.0,0.2471526937467363,0.4219919522603353,0.7959683898422453,0.33584795115820354,0.4382499976290597,0.22927361693647172,0.7575757575757577,0.22142857142857145,0.2952380952380953,640.0,480.0,1.3333333333333333,1000.0,2960.0,90.0,nan,90.0
train,b,dataset_videos\b\b_4ec199a6-3bde-4b61-9305-f629ba88d1e2.mp4,1.0,0.0,0.7333333333333333,0.7333333333333333,0.0,0.47159720291608215,0.7286661015616522,0.6698630601167679,0.4893154397212981,0.4065275813142459,0.4091222882270813,0.6262626262626259,0.0,0.0,640.0,480.0,1.3333333333333333,30.303030303030305,90.0,90.0,2.9699999999999998,90.0
train,Decidir,dataset_videos\Decidir\Decidir_d42468ba-c348-4d60-b018-6ed1b8b4579e.mp4,1.0,1.0,0.9777777777777777,1.0,0.9777777777777777,0.23158210980655633,0.3735716568099128,0.7346824040015538,0.2744419575859179,0.4022559348079893,0.21753791438208686,0.7575757575757577,0.08518518518518521,0.21746031746031746,640.0,480.0,1.3333333333333333,1000.0,2976.0,90.0,nan,90.0
train,Mucho,dataset_videos\Mucho\Mucho_a60cd88e-ab94-4d5a-8624-958ee04612d9.mp4,1.0,0.8666666666666667,0.8888888888888888,0.8888888888888888,0.8666666666666667,0.2308205815455442,0.3802740401691861,0.7031160043345557,0.2676404958976474,0.4141752951674991,0.22901848389042748,0.7582491582491583,0.027380952380952384,0.10595238095238095,640.0,480.0,1.3333333333333333,1000.0,2960.0,90.0,nan,90.0
train,h,dataset_videos\h\h_8d7d8b2e-0d3b-46d3-9c3f-ddd87281bd71.mp4,1.0,1.0,1.0,1.0,1.0,0.21530805469302486,0.3416195352872213,0.6460947076479594,0.22074562536020156,0.4118095318476359,0.23352462583118014,0.7582491582491583,0.0,0.0,640.0,480.0,1.3333333333333333,1000.0,2944.0,89.0,nan,89.0
train,Castigar,dataset_videos\Castigar\Castigar_20c299eb-90c4-41c2-acde-54cd7bb45bb2.mp4,1.0,1.0,0.9555555555555556,1.0,0.9555555555555556,0.20590737622643238,0.34201213849915396,0.6473763899670707,0.22132398679486898,0.3973309788439009,0.23839239842361873,0.7582491582491583,0.0,0.0,640.0,480.0,1.3333333333333333,1000.0,2928.0,89.0,nan,89.0
train,No hay,dataset_videos\No hay\No hay_45ae5e0b-4559-4c6e-8c75-8a5e31b8f6ce.mp4,1.0,1.0,0.9333333333333333,1.0,0.9333333333333333,0.2174199933890434,0.3433648771709866,0.7180247382985221,0.2461308937904681,0.4148668232891295,0.24634408487213982,0.7602693602693604,0.011111111111111112,0.0693121693121693,640.0,480.0,1.3333333333333333,62.5,185.0,90.0,2.96,90.0
train,Aprender,dataset_videos\Aprender\Aprender_27178f97-b4df-4396-a3bc-d064fc8f6a80.mp4,1.0,1.0,0.8888888888888888,1.0,0.8888888888888888,0.2208598705705173,0.3556024856037564,0.7187241666846805,0.2545317674828756,0.3712184614605374,0.19675861729515923,0.7636363636363636,0.0,0.0,640.0,480.0,1.3333333333333333,62.5,185.0,90.0,2.96,90.0
train,x,dataset_videos\x\x_b686b703-b6f3-4e09-84da-b81f2db38b6e.mp4,1.0,1.0,0.9555555555555556,1.0,0.9555555555555556,0.23533302676429121,0.41168013678656684,0.7160263508558273,0.29399634393906965,0.43896497090657555,0.2369717584715949,0.758922558922559,0.0,0.0,640.0,480.0,1.3333333333333333,1000.0,2960.0,90.0,nan,90.0
train,Qué paso,dataset_videos\Qué paso\Qué paso_588d41e3-9fee-4277-8d55-85636304ced0.mp4,1.0,1.0,0.9111111111111111,1.0,0.9111111111111111,0.21265699196313145,0.33803684181637234,0.693985676434305,0.2347846769243391,0.4219282438357671,0.24770198000801935,0.7575757575757577,0.001058201058201058,0.06666666666666668,640.0,480.0,1.3333333333333333,1000.0,2960.0,90.0,nan,90.0
train,Doler,dataset_videos\Doler\Doler_b498abf5-4afe-4279-915e-563cdb1a97b9.mp4,1.0,0.7333333333333333,0.9777777777777777,1.0,0.7111111111111111,0.22259745411736875,0.34520549575487774,0.7124734805689917,0.2468192289657287,0.3939518567588594,0.2098939941989051,0.7481481481481482,0.008465608465608464,0.044973544973544964,640.0,480.0,1.3333333333333333,62.5,185.0,90.0,2.96,90.0
train,t,dataset_videos\t\t_80dade20-c882-49a1-8a9b-7920cdf28287.mp4,1.0,1.0,0.9555555555555556,1.0,0.9555555555555556,0.2052219710174238,0.33662592106395295,0.6476576921012667,0.21773726465570878,0.4300138529804018,0.2428202059533861,0.7595959595959597,0.0,0.0,640.0,480.0,1.3333333333333333,1000.0,2976.0,90.0,nan,90.0
train,Respetar,dataset_videos\Respetar\01-Respetar-Palabra-1.m4v,1.0,1.0,1.0,1.0,1.0,0.1911470185161055,0.30818136069509716,0.6854511131842931,0.21129011546930435,0.4625470068719652,0.2952950802114275,0.7575757575757577,0.0,0.0,854.0,478.0,1.786610878661088,29.97002997002997,82.0,82.0,2.736066666666667,82.0
train,Querer,dataset_videos\Querer\Querer_057dcbb8-f25a-428d-9055-a1733c291480.mp4,1.0,0.9777777777777777,0.9333333333333333,0.9777777777777777,0.9333333333333333,0.21911599125312622,0.3442099200354682,0.7841849936379327,0.2678152434978411,0.42415693369176655,0.2532007952531179,0.7811447811447809,0.0,0.0,640.0,480.0,1.3333333333333333,1000.0,2960.0,90.0,nan,90.0
train,Ganar,dataset_videos\Ganar\Ganar_40fa4799-217d-4e72-a64d-a0096a179b5e.mp4,1.0,1.0,0.8222222222222222,1.0,0.8222222222222222,0.19697768789991318,0.37524125079313914,0.6518133014440537,0.24492162485317973,0.4260905060503218,0.2577438294887543,0.758922558922559,0.0,0.0,640.0,480.0,1.3333333333333333,1000.0,2976.0,90.0,nan,90.0
train,h,dataset_videos\h\h_ac07d812-ccad-4eff-91f3-ebf8f99b6b12.mp4,1.0,1.0,0.8666666666666667,1.0,0.8666666666666667,0.23404242864503996,0.3685115860568153,0.7370929641856088,0.27161669475813,0.4143582976526684,0.22598057819737327,0.7575757575757577,0.04497354497354497,0.26613756613756634,640.0,480.0,1.3333333333333333,1000.0,2976.0,90.0,nan,90.0
train,Buscar,dataset_videos\Buscar\Buscar_72d496f3-8bec-4330-becc-bc61be1bc87a.mp4,1.0,0.9777777777777777,0.8888888888888888,1.0,0.8666666666666667,0.21103208738665846,0.350200848446952,0.6746949768728681,0.2361153078581823,0.376953328649203,0.20780568288432227,0.754882154882155,0.0,0.0,640.0,480.0,1.3333333333333333,1000.0,2992.0,91.0,nan,91.0
train,Otra vez,dataset_videos\Otra vez\Otra vez_bce8f154-b0e2-4287-8d3e-df2241fb2b7f.mp4,1.0,0.8888888888888888,0.8222222222222222,1.0,0.7111111111111111,0.2081408502348007,0.36049027923080657,0.7423893421888351,0.264504299833543,0.4085908701022466,0.24039825598398845,0.7643097643097643,0.0,0.022222222222222216,640.0,480.0,1.3333333333333333,1000.0,2944.0,89.0,nan,89.0
train,k,dataset_videos\k\k_184d1a61-813e-47fe-bd2f-f93883ef0dbf.mp4,1.0,0.0,1.0,1.0,0.0,0.4892716980496377,0.7381304601828257,0.9004867838488685,0.6650367529281479,0.9386978016959296,0.5583041283819411,0.5454545454545456,0.0,0.0,640.0,480.0,1.3333333333333333,30.303030303030305,nan,45.0,nan,45.0
train,Olvidar,dataset_videos\Olvidar\Olvidar_3c17e56f-7963-4a87-a39f-ac81dafeee5c.mp4,1.0,1.0,0.8444444444444444,1.0,0.8444444444444444,0.2373829904428905,0.39998077816433375,0.7678918386499087,0.30734796752526056,0.4184655722644594,0.22035199635558658,0.7575757575757577,0.21216931216931212,0.4042328042328042,640.0,480.0,1.3333333333333333,1000.0,2992.0,91.0,nan,91.0
train,A veces,dataset_videos\A veces\A veces_04798098-d8b5-4bf1-ad33-c12610eeefb6.mp4,1.0,0.7777777777777778,1.0,1.0,0.7777777777777778,0.19276376172467521,0.351131581597858,0.6259745823012458,0.2200365319074581,0.5017558919058905,0.34835943116082085,0.6835016835016835,0.27989417989417986,0.3417989417989419,640.0,480.0,1.3333333333333333,30.303030303030305,nan,150.0,nan,150.0
train,Prestar,dataset_videos\Prestar\Prestar_046f734d-7f41-45eb-840e-192fe7383c14.mp4,1.0,0.9111111111111111,0.9777777777777777,1.0,0.8888888888888888,0.219754370115858,0.3525783399740855,0.678888503379292,0.24008950080101268,0.41822423504458534,0.2555023305945926,0.7582491582491583,0.02592592592592592,0.11005291005291001,640.0,480.0,1.3333333333333333,1000.0,2976.0,90.0,nan,90.0
train,El,dataset_videos\El\El_ba974952-e815-44e6-ab30-e4c1bc7f0d28.mp4,1.0,1.0,1.0,1.0,1.0,0.1951396470631804,0.32568284935421415,0.6035166574849022,0.19661054583249885,0.43268073664771184,0.262016361951828,0.7575757575757577,0.0,0.0,640.0,480.0,1.3333333333333333,1000.0,2960.0,90.0,nan,90.0
train,Molestar,dataset_videos\Molestar\Molestar_9e87efed-0ffd-43d1-8a9c-a0efc5047db6.mp4,1.0,0.9555555555555556,1.0,1.0,0.9555555555555556,0.20413222608979015,0.3027027044031355,0.7848915484216478,0.23980355370965276,0.416655135816998,0.24690579407744936,0.7777777777777779,0.0,0.0,640.0,480.0,1.3333333333333333,1000.0,2976.0,90.0,nan,90.0
train,Abrazar,dataset_videos\Abrazar\Abrazar_8c6a1299-7749-4fc9-8604-9f7f270ac571.mp4,1.0,0.9111111111111111,0.9111111111111111,0.9555555555555556,0.8666666666666667,0.2223994512177951,0.33034541341993545,0.7718339280949699,0.2598107762764331,0.3730191187726127,0.19839750362767114,0.7737373737373738,0.0,0.0,640.0,480.0,1.3333333333333333,1000.0,2976.0,90.0,nan,90.0
train,Aprovechar,dataset_videos\Aprovechar\01-Aprovechar-Palabra-1.m4v,1.0,0.8666666666666667,1.0,1.0,0.8666666666666667,0.19444476305464156,0.3168133139610291,0.7486440022786458,0.23591549256524919,0.44550783236821495,0.2365395592318641,0.7609427609427611,0.0,0.0,854.0,478.0,1.786610878661088,29.97002997002997,60.0,60.0,2.0020000000000002,60.0
train,Escoger,dataset_videos\Escoger\Escoger_267c9531-1b9c-4216-8756-bc4e01734f8d.mp4,1.0,1.0,1.0,1.0,1.0,0.20964929275800553,0.3466826597849528,0.732822655306922,0.25288822820677825,0.429646807246738,0.25508934391869437,0.7481481481481479,0.0,0.0,640.0,480.0,1.3333333333333333,1000.0,2960.0,90.0,nan,90.0
train,y,dataset_videos\y\y_fbcdad31-3b1d-49fb-a3d0-f05a4cd438b7.mp4,1.0,0.9555555555555556,1.0,1.0,0.9555555555555556,0.21719320173908885,0.3910959058337741,0.7088983231120639,0.27712981218487726,0.476013606455591,0.28947368065516155,0.7535353535353536,0.25343915343915335,0.37354497354497374,640.0,480.0,1.3333333333333333,30.303030303030305,nan,89.0,nan,89.0
train,r,dataset_videos\r\r_f52d295d-ab0b-4324-9e4b-e1354f746b5d.mp4,1.0,1.0,0.9777777777777777,1.0,0.9777777777777777,0.21793623562122225,0.3607673578792148,0.773904851741261,0.2746327113445051,0.4248033669259813,0.23801219960053763,0.7811447811447813,0.0,0.0,640.0,480.0,1.3333333333333333,1000.0,2960.0,90.0,nan,90.0
train,o,dataset_videos\o\o_3736d4ff-f74f-4b85-8856-17ad573837a1.mp4,1.0,1.0,0.9555555555555556,1.0,0.9555555555555556,0.2040317230293862,0.335291682349311,0.6796077566014396,0.22651110823836357,0.4218034187952677,0.24085093703534868,0.7629629629629632,0.0,0.0,640.0,480.0,1.3333333333333333,1000.0,2976.0,90.0,nan,90.0
train,Dudar,dataset_videos\Dudar\Dudar_7e3b063c-f404-4eff-8f73-d40751d00440.mp4,1.0,1.0,0.9333333333333333,1.0,0.9333333333333333,0.2282465902916626,0.36540402438905506,0.7154393543799719,0.2612932855336316,0.39118233886029985,0.2186949219968584,0.7575757575757577,0.0,0.008994708994708996,640.0,480.0,1.3333333333333333,1000.0,2976.0,90.0,nan,90.0
train,Cuál,dataset_videos\Cuál\Cuál_5e12ec41-0afd-4702-92b2-7e0c1a522efd.mp4,1.0,0.9333333333333333,1.0,1.0,0.9333333333333333,0.22305076189301656,0.34048231575224136,0.7898988796605004,0.2676606840030869,0.40138254761695863,0.2361283193031947,0.7784511784511785,0.0,0.0,640.0,480.0,1.3333333333333333,1000.0,2960.0,90.0,nan,90.0
train,Adiós,dataset_videos\Adiós\Adiós_1f39e9dd-18f5-4310-bf59-df14b69f152b.mp4,1.0,1.0,0.9333333333333333,1.0,0.9333333333333333,0.23597245591433827,0.4351046876774894,0.7555987983942032,0.32846340309680555,0.36792424917221067,0.1768593106004927,0.7575757575757577,0.0,0.01111111111111111,640.0,480.0,1.3333333333333333,1000.0,2960.0,90.0,nan,90.0
train,Cuál,dataset_videos\Cuál\Cuál_9c2264e2-cb17-4313-9b2b-81755e868228.mp4,1.0,0.8888888888888888,0.8888888888888888,0.9333333333333333,0.8444444444444444,0.19285025169276426,0.31157661610179477,0.6213589628537496,0.19412620754238216,0.3955322603384654,0.24713329639699724,0.7602693602693604,0.0,0.0,640.0,480.0,1.3333333333333333,1000.0,2960.0,90.0,nan,90.0
train,y,dataset_videos\y\y_ee07c35f-de10-49f5-a4af-b3c5d43d9e24.mp4,1.0,0.08888888888888889,0.8222222222222222,0.8444444444444444,0.06666666666666667,0.2478721312395989,0.42447400887807213,0.7999208072821299,0.3394163967134752,0.436804410484102,0.22329096694787343,0.7569023569023571,0.12719298245614033,0.17794486215538846,640.0,480.0,1.3333333333333333,1000.0,2976.0,90.0,nan,90.0
train,Amigo,dataset_videos\Amigo\Amigo_1d470257-4df7-4225-bcf0-7a48ca1e5d0f.mp4,1.0,0.9555555555555556,0.9555555555555556,1.0,0.9111111111111111,0.24828631520952243,0.41484163337283664,0.7516790949636035,0.31094520871879416,0.3790511750512653,0.17850170698430803,0.7575757575757577,0.02698412698412698,0.10317460317460317,640.0,480.0,1.3333333333333333,1000.0,2992.0,91.0,nan,91.0
train,d,dataset_videos\d\d_0565cefa-8556-4a07-9042-e145e84e2da9.mp4,1.0,1.0,1.0,1.0,1.0,0.2056367409109907,0.3469119966030121,0.7513363401095072,0.25856393487600343,0.40090473426712886,0.22529532445801628,0.7804713804713804,0.0,0.0,640.0,480.0,1.3333333333333333,1000.0,2992.0,91.0,nan,91.0
train,Miedo,dataset_videos\Miedo\Miedo_fcc4bedf-697e-4136-8fcc-48d39cb238fd.mp4,1.0,0.9777777777777777,0.9111111111111111,0.9777777777777777,0.9111111111111111,0.2173200082996443,0.37520080142551,0.6909121248457167,0.2611421422334522,0.4193080809381273,0.24269073141945732,0.7609427609427611,0.00487012987012987,0.053571428571428575,640.0,480.0,1.3333333333333333,1000.0,2976.0,90.0,nan,90.0
train,p,dataset_videos\p\p_b7e0c4bb-03ff-4050-a397-8565cea027c5.mp4,1.0,1.0,0.9555555555555556,1.0,0.9555555555555556,0.21451651549489095,0.3700575331846873,0.6777243733406066,0.24996258381719702,0.4213441358672248,0.23676578336291842,0.7602693602693604,0.0,0.0,640.0,480.0,1.3333333333333333,1000.0,2976.0,90.0,nan,90.0
train,Agregar,dataset_videos\Agregar\Agregar_cda519c4-0e48-4a8e-bacb-8cd22a5b4b1e.mp4,1.0,0.9777777777777777,1.0,1.0,0.9777777777777777,0.21443689415275066,0.36426885459158154,0.7786617116795645,0.2805299976081512,0.3574675076537662,0.1803570333454344,0.781144781144781,0.0,0.0,640.0,480.0,1.3333333333333333,62.5,186.0,90.0,2.976,90.0
train,h,dataset_videos\h\h_58d508a1-d21e-4e61-9e49-16f59a9323fd.mp4,1.0,1.0,0.9111111111111111,1.0,0.9111111111111111,0.23394196580307347,0.3681399126847585,0.7347344355450736,0.27045472088211625,0.413981353243192,0.22849149637752109,0.7575757575757577,0.10264550264550269,0.28518518518518526,640.0,480.0,1.3333333333333333,1000.0,2976.0,90.0,nan,90.0
train,Olvidar,dataset_videos\Olvidar\Olvidar_b1a6e55c-eae0-4ecf-8ffc-130bca5cffa5.mp4,1.0,1.0,0.9111111111111111,1.0,0.9111111111111111,0.2070167616618099,0.36352051893870035,0.7349255515469445,0.26394531155886974,0.41339552303155264,0.24174659649531047,0.7670033670033671,0.0,0.0,640.0,480.0,1.3333333333333333,62.5,187.0,91.0,2.992,91.0
train,i,dataset_videos\i\i_253c78f7-86b3-4e3c-a207-d3017fde17bd.mp4,1.0,1.0,0.9333333333333333,1.0,0.9333333333333333,0.2258917430368612,0.35832053621610005,0.724492621090677,0.259603474765039,0.4173042158285777,0.2302659935421414,0.7575757575757577,0.023280423280423283,0.20476190476190478,640.0,480.0,1.3333333333333333,1000.0,2976.0,90.0,nan,90.0
train,Arreglar,dataset_videos\Arreglar\Arreglar_3479d73c-d2b9-4ba4-9f1f-eed508a8ce72.mp4,1.0,0.9333333333333333,1.0,1.0,0.9333333333333333,0.20119484120958678,0.3170302093029022,0.6824750512838363,0.2169328651619846,0.3789667261971368,0.205371579196718,0.7643097643097646,0.0,0.0,640.0,480.0,1.3333333333333333,1000.0,2992.0,91.0,nan,91.0
train,Arreglar,dataset_videos\Arreglar\Arreglar_a6736051-65ba-4cb6-8672-d987f6d73078.mp4,1.0,0.8,1.0,1.0,0.8,0.21990763322439927,0.3651018506950802,0.703684519065751,0.25777572726741615,0.3730079660813014,0.18831168346934848,0.7575757575757577,0.0,0.0,640.0,480.0,1.3333333333333333,62.5,184.0,89.0,2.944,89.0
train,Sano,dataset_videos\Sano\Sano_360c7b84-6cd1-4d08-a177-efab7402790e.mp4,1.0,1.0,0.9555555555555556,1.0,0.9555555555555556,0.20432123780685277,0.33996752500534055,0.7380795813269085,0.2478178652139036,0.42448621392250063,0.2585887511571248,0.7703703703703708,0.0,0.0,640.0,480.0,1.3333333333333333,1000.0,2960.0,90.0,nan,90.0
train,Mas o menos,dataset_videos\Mas o menos\Mas o menos_2f4de9c4-3015-4c0f-af93-c79d8f7170ba.mp4,1.0,0.9555555555555556,0.9555555555555556,1.0,0.9111111111111111,0.20129404488021022,0.3293873733944363,0.6488778273264567,0.21418219395254043,0.5129570023881065,0.3576137171851264,0.7077441077441077,0.37830687830687826,0.5544973544973547,640.0,480.0,1.3333333333333333,30.303030303030305,nan,150.0,nan,150.0
train,Parecer,dataset_videos\Parecer\Parecer_ca53cc97-f2e3-445a-8d32-1b77769bdb43.mp4,1.0,1.0,0.9333333333333333,1.0,0.9333333333333333,0.21340276464266575,0.34557717906104196,0.7590724514590369,0.2601655671393667,0.4218175017171436,0.2538056327237023,0.7777777777777778,0.0,0.0,640.0,480.0,1.3333333333333333,1000.0,2960.0,90.0,nan,90.0
train,Caminar,dataset_videos\Caminar\Caminar_02753d0e-ce3c-4a23-8b7b-568da8c5aed6.mp4,1.0,0.9111111111111111,0.9555555555555556,1.0,0.8666666666666667,0.2070400250086647,0.3794264912605286,0.7089808503786723,0.2685577749096081,0.3974958297279146,0.21958251794179282,0.758922558922559,0.0,0.0015873015873015873,640.0,480.0,1.3333333333333333,1000.0,2960.0,90.0,nan,90.0
train,Decir,dataset_videos\Decir\Decir_194e7960-8dc4-4446-8878-1cffe4c19f74.mp4,1.0,1.0,0.9111111111111111,1.0,0.9111111111111111,0.24789825947782435,0.3890594522158305,0.7634445216920641,0.29704853874555526,0.3969469885031382,0.19995345175266266,0.7575757575757577,0.05291005291005291,0.2650793650793652,640.0,480.0,1.3333333333333333,1000.0,2960.0,90.0,nan,90.0
train,Nosotros,dataset_videos\Nosotros\Nosotros_a42ac026-5938-4580-9568-896b917156c3.mp4,1.0,1.0,0.9333333333333333,1.0,0.9333333333333333,0.22839892309391852,0.37965548866324955,0.7373565995030933,0.2803158547059252,0.4171389659245809,0.23261798156632318,0.758922558922559,0.07354497354497358,0.22486772486772486,640.0,480.0,1.3333333333333333,1000.0,2944.0,89.0,nan,89.0
train,y,dataset_videos\y\y_1f478c4d-3de5-4988-a159-e9144c623850.mp4,1.0,0.0,0.7555555555555555,0.7555555555555555,0.0,0.24917119278233896,0.42617118292384676,0.8012375285228094,0.3413845622613083,0.4392713679207696,0.22774059342013464,0.7569023569023571,0.21288515406162467,0.2759103641456582,640.0,480.0,1.3333333333333333,1000.0,2976.0,90.0,nan,90.0
eval,A veces,dataset_videos_evaluate\A veces\A veces_1962a15b-aae9-40b9-9933-1711ed089eac.mp4,1.0,0.9777777777777777,0.5555555555555556,1.0,0.5333333333333333,0.4123326812432065,0.7338107019662857,0.8012026998731825,0.5874371445042401,0.4969238062699636,0.3301382329728868,0.8161616161616156,0.4994708994708995,0.576719576719577,480.0,640.0,0.75,29.916666666666668,149.0,150.0,4.98050139275766,150.0
eval,A veces,dataset_videos_evaluate\A veces\A veces_58b8ffe3-bf6b-42d2-9701-bb06bdc9b9ce.mp4,1.0,0.28888888888888886,0.3111111111111111,0.5333333333333333,0.06666666666666667,0.236826877463018,0.4594857176144918,0.42938676675160725,0.2070429173150831,0.8547038402822282,0.7215345011817085,0.5670033670033671,0.04365079365079364,0.0496031746031746,640.0,480.0,1.3333333333333333,1000.0,4928.0,149.0,nan,149.0
eval,A veces,dataset_videos_evaluate\A veces\A veces_b6e65697-49bc-4f5f-9cda-c7d079dcbcf7.mp4,1.0,0.9333333333333333,1.0,1.0,0.9333333333333333,0.44375048225039154,0.7285894986655977,0.8410271955860986,0.609987370215612,0.44100384381082325,0.26760790348052976,0.7730639730639732,0.09365079365079369,0.1587301587301587,480.0,640.0,0.75,59.94005994005994,296.0,149.0,4.938266666666666,149.0
eval,Abrazar,dataset_videos_evaluate\Abrazar\Abrazar_4c1ab065-0bee-45c5-a0ec-d2020d439d42.mp4,1.0,0.5777777777777777,0.7111111111111111,0.7555555555555555,0.5333333333333333,0.24820241624566336,0.3896383057037989,0.7986209978659947,0.3105247850909673,0.41439295676019455,0.24885901113351186,0.7629629629629627,0.05812324929971989,0.07633053221288515,640.0,480.0,1.3333333333333333,1000.0,2976.0,90.0,nan,90.0
eval,Adiós,dataset_videos_evaluate\Adiós\Adiós_ff8aa44b-8a77-4cb7-8bd8-1bce0676348f.mp4,1.0,0.0,0.6444444444444445,0.6444444444444445,0.0,0.2646836907655289,0.4541175186634064,0.3803319149547153,0.17297519737126846,0.7960697081353929,0.6608135792944166,0.5272727272727271,0.0,0.0,640.0,480.0,1.3333333333333333,1000.0,2960.0,90.0,nan,90.0
eval,Allá,dataset_videos_evaluate\Allá\Allá_ce8ddc6e-0a82-4956-89b9-24613f753ad5.mp4,1.0,1.0,0.7111111111111111,1.0,0.7111111111111111,0.2204828917351263,0.3697736899058024,0.7933477570613225,0.2935553281681047,0.43304066161314647,0.26074662539694043,0.7764309764309764,0.20634920634920625,0.3772486772486773,640.0,480.0,1.3333333333333333,1000.0,2944.0,89.0,nan,89.0
eval,Aprender,dataset_videos_evaluate\Aprender\Aprender_4f3efbd1-71b4-4e6b-8192-ac0d4bbb6a71.mp4,1.0,0.4222222222222222,0.37777777777777777,0.5111111111111111,0.28888888888888886,0.3870043653291779,0.5620630555682712,0.6198805001046922,0.3564212613605631,0.675086408522394,0.6721792207823859,0.6269360269360268,0.010351966873706004,0.020703933747412008,640.0,480.0,1.3333333333333333,30.03337041156841,90.0,90.0,2.9966666666666666,90.0
eval,Ayer,dataset_videos_evaluate\Ayer\Ayer_78c8c352-0669-4026-b792-ce0fb11d28da.mp4,1.0,0.0,0.044444444444444446,0.044444444444444446,0.0,0.4252864396073759,0.602589586046007,0.7333812508318159,0.45230405889541064,0.3514992457297113,0.35672139128049213,0.545454545454545,0.0,0.0,640.0,480.0,1.3333333333333333,30.282861896838604,91.0,91.0,3.005,91.0
eval,Buscar,dataset_videos_evaluate\Buscar\Buscar_4db227c8-d842-4121-9998-3f13ae9b28ea.mp4,1.0,0.022222222222222223,0.7111111111111111,0.7111111111111111,0.022222222222222223,0.3344537437520498,0.5706537031465106,0.5028499404589335,0.28686869454251185,0.5505345854494307,0.4070882631672753,0.7824915824915825,0.0,0.0,480.0,640.0,0.75,30.0,89.0,90.0,2.966666666666667,90.0
eval,Desmayarse,dataset_videos_evaluate\Desmayarse\Desmayarse_2b1afe61-fca6-4f22-b281-bae196233ec9.mp4,1.0,0.0,0.6888888888888889,0.6888888888888889,0.0,0.2469807175518585,0.4038200603591071,0.6719755874739752,0.27139826950587737,0.6394009788831075,0.41058679885334437,0.592592592592592,0.0,0.0,640.0,480.0,1.3333333333333333,1000.0,2976.0,90.0,nan,90.0
eval,Doler,dataset_videos_evaluate\Doler\Doler_902e7d79-0cd6-4515-aa72-9eab85fa09a3.mp4,1.0,0.4222222222222222,0.4888888888888889,0.4888888888888889,0.4222222222222222,0.25913730302444116,0.46967481738991207,0.39037625789642333,0.18409994747303285,0.7592954185273912,0.6001586225297716,0.5750841750841749,0.01515151515151515,0.03463203463203463,640.0,480.0,1.3333333333333333,1000.0,2944.0,89.0,nan,89.0
eval,Doler,dataset_videos_evaluate\Doler\Doler_9484dceb-007c-448e-ac28-3fe4d750f574.mp4,1.0,0.4222222222222222,0.4888888888888889,0.4888888888888889,0.4222222222222222,0.25913730302444116,0.46967481738991207,0.39037625789642333,0.18409994747303285,0.7592954185273912,0.6001586225297716,0.5750841750841749,0.01515151515151515,0.03463203463203463,640.0,480.0,1.3333333333333333,1000.0,2944.0,89.0,nan,89.0
eval,Doler,dataset_videos_evaluate\Doler\Doler_ca2f46b4-dd5f-45e1-95af-ad7c25997067.mp4,1.0,0.4222222222222222,0.4888888888888889,0.4888888888888889,0.4222222222222222,0.25913730302444116,0.46967481738991207,0.39037625789642333,0.18409994747303285,0.7592954185273912,0.6001586225297716,0.5750841750841749,0.01515151515151515,0.03463203463203463,640.0,480.0,1.3333333333333333,1000.0,2944.0,89.0,nan,89.0
eval,Dudar,dataset_videos_evaluate\Dudar\Dudar_adf82949-d4c0-403e-99eb-df0f25e4aeeb.mp4,1.0,0.28888888888888886,0.6444444444444445,0.7333333333333333,0.2,0.23993120625024397,0.3586654265721639,0.6924379097090827,0.247108141052238,0.5836917903688219,0.3767258365948995,0.7367003367003366,0.0901875901875902,0.1443001443001443,640.0,480.0,1.3333333333333333,1000.0,2960.0,90.0,nan,90.0
eval,El,dataset_videos_evaluate\El\El_61f25876-3dfd-4312-aaf6-ccce3c857869.mp4,1.0,1.0,0.8666666666666667,1.0,0.8666666666666667,0.20947441396255795,0.3603729453351763,0.6447035670280457,0.23223000184826129,0.44112110767099594,0.2963250862227546,0.758922558922559,0.0,0.015873015873015872,640.0,480.0,1.3333333333333333,1000.0,2944.0,89.0,nan,89.0
eval,El,dataset_videos_evaluate\El\El_b9960e07-eff2-4872-9a6a-71ae61b62b96.mp4,1.0,0.022222222222222223,0.4666666666666667,0.4888888888888889,0.0,0.26881797570921295,0.4563017648127344,0.8641809658871756,0.39475317442684454,0.4169858319891824,0.20169748034742144,0.6962962962962964,0.025974025974025972,0.0303030303030303,640.0,480.0,1.3333333333333333,1000.0,2928.0,89.0,nan,89.0
eval,El,dataset_videos_evaluate\El\El_ba0ce112-89c8-484b-a971-4c40bce650db.mp4,1.0,0.0,0.4,0.4,0.0,0.26491180459616565,0.42916568948162925,0.8215040031406614,0.3530367488855799,0.4224507381518682,0.21339382628599804,0.6781144781144783,0.03439153439153439,0.047619047619047616,640.0,480.0,1.3333333333333333,1000.0,2960.0,90.0,nan,90.0
eval,Esperar,dataset_videos_evaluate\Esperar\Esperar_3ed97411-1eac-4e07-a661-7fc163a88bc8.mp4,1.0,0.4666666666666667,0.4444444444444444,0.4666666666666667,0.4444444444444444,0.29456900000275593,0.41807820796966555,0.5727744155459934,0.2425797168442179,0.6459564897749159,0.3899646672937605,0.5555555555555552,0.005668934240362812,0.007936507936507936,640.0,480.0,1.3333333333333333,1000.0,2944.0,89.0,nan,89.0
eval,Esperar,dataset_videos_evaluate\Esperar\Esperar_bd81a785-f3b8-4741-b297-d6f60042a3f7.mp4,1.0,0.4444444444444444,0.4666666666666667,0.5333333333333333,0.37777777777777777,0.23380503682652776,0.36831423507796396,0.7524349282185236,0.2747071503356578,0.4545736336045795,0.23782707552115123,0.7104377104377105,0.017857142857142856,0.025793650793650796,640.0,480.0,1.3333333333333333,1000.0,2450.0,65.0,nan,65.0
eval,Gracias,dataset_videos_evaluate\Gracias\Gracias_80bc8262-b43a-4cfe-ab2b-193472329802.mp4,1.0,0.4222222222222222,0.5333333333333333,0.5555555555555556,0.4,0.2768075373657333,0.4455681562423706,0.8200697865751054,0.36652146041944383,0.4124780128399531,0.20386619336075254,0.6962962962962963,0.1,0.1161904761904762,640.0,480.0,1.3333333333333333,1000.0,2992.0,91.0,nan,91.0
eval,Interesar,dataset_videos_evaluate\Interesar\Interesar_8797060a-4cba-48bc-bee4-ca84cb791484.mp4,1.0,0.06666666666666667,0.5555555555555556,0.5555555555555556,0.06666666666666667,0.21581104025106598,0.29599792427486843,0.7545148548152711,0.22343689427488414,0.4615540312396155,0.27550314333703785,0.7488215488215489,0.0,0.0,640.0,480.0,1.3333333333333333,1000.0,2608.0,72.0,nan,72.0
eval,Interesar,dataset_videos_evaluate\Interesar\Interesar_d6a066ea-c5d5-47c4-b157-4ccc28120ba3.mp4,1.0,0.0,0.35555555555555557,0.35555555555555557,0.0,0.2257865073920728,0.32693404422865974,0.8091586328215069,0.2645459379031271,0.45584911041789583,0.2559393213854896,0.7373737373737373,0.0,0.0,640.0,480.0,1.3333333333333333,1000.0,2575.0,69.0,nan,69.0
eval,Molestar,dataset_videos_evaluate\Molestar\Molestar_73b9b7b4-b40f-47a6-973e-86b42973e400.mp4,1.0,0.4666666666666667,0.4222222222222222,0.5111111111111111,0.37777777777777777,0.24379176854850468,0.36842383874787227,0.6328206982877519,0.23424891940172365,0.5518204417493608,0.3480441245767805,0.6282828282828281,0.018633540372670808,0.02898550724637681,640.0,480.0,1.3333333333333333,1000.0,2944.0,89.0,nan,89.0
eval,Molestar,dataset_videos_evaluate\Molestar\Molestar_c33748e1-e0af-4dbc-bab1-8e4afcd33356.mp4,1.0,0.5555555555555556,0.4888888888888889,0.5777777777777777,0.4666666666666667,0.24600955368509028,0.38558046751552155,0.6712563951810201,0.2598332662501561,0.5408485074838002,0.32457289298375447,0.6525252525252525,0.0,0.0,640.0,480.0,1.3333333333333333,1000.0,2960.0,90.0,nan,90.0
eval,Otra vez,dataset_videos_evaluate\Otra vez\Otra vez_ed17811c-541d-4944-bba5-e098a6233a77.mp4,1.0,0.8222222222222222,0.3333333333333333,0.8444444444444444,0.3111111111111111,0.25490581748264923,0.5063869608773126,0.7500247498353322,0.38715792181482667,0.5462173269854651,0.3135963042577108,0.6969696969696968,0.002506265664160401,0.009398496240601503,640.0,480.0,1.3333333333333333,1000.0,4977.0,150.0,nan,150.0
eval,Radiografía,dataset_videos_evaluate\Radiografía\Radiografía_3a91aba0-c2e6-4129-a133-28a144b8ade5.mp4,1.0,0.7111111111111111,0.6888888888888889,0.7111111111111111,0.6888888888888889,0.2816610865280372,0.530947118666437,0.5371380819214715,0.28533820785919584,0.6674368719259898,0.4315310888820224,0.6195286195286192,0.011904761904761904,0.017857142857142856,640.0,480.0,1.3333333333333333,1000.0,2928.0,89.0,nan,89.0
eval,Radiografía,dataset_videos_evaluate\Radiografía\Radiografía_b9ba91a8-a4e8-41bb-ac1c-d3abc1c1aadc.mp4,1.0,0.7111111111111111,0.7111111111111111,0.7111111111111111,0.7111111111111111,0.2772497030175673,0.505147550172276,0.5308749669127995,0.26695476636738863,0.6729593237241109,0.44049088954925536,0.6282828282828278,0.0,0.0,640.0,480.0,1.3333333333333333,1000.0,2975.0,90.0,nan,90.0
eval,a,dataset_videos_evaluate\a\a_d8ae81e2-1d6c-4bf3-a0df-3e682dcf3406.mp4,1.0,0.0,0.9555555555555556,0.9555555555555556,0.0,0.4408474694402313,0.6820550680160522,0.8048938805858294,0.5496288999904458,0.37383041431506475,0.3993524253368378,0.6457912457912458,0.016611295681063124,0.019933554817275746,640.0,480.0,1.3333333333333333,30.252100840336134,90.0,90.0,2.975,90.0
eval,e,dataset_videos_evaluate\e\e_78b081d4-1bd6-4874-abda-5c2f774d6c61.mp4,1.0,0.0,0.5111111111111111,0.5111111111111111,0.0,0.3028711564144007,0.5559870355659061,0.9464497592714097,0.5272009187165535,0.4272199011511273,0.1748554978105757,0.6929292929292932,0.0,0.004140786749482401,640.0,480.0,1.3333333333333333,1000.0,2976.0,90.0,nan,90.0
eval,e,dataset_videos_evaluate\e\e_87177e84-ef38-4682-8a8f-cf65e9a4fdc6.mp4,1.0,0.0,0.6222222222222222,0.6222222222222222,0.0,0.24342060578627123,0.40979696114857994,0.43914056486553615,0.1810581503847192,0.7565853926870558,0.6151079932848612,0.5367003367003365,0.0,0.0,640.0,480.0,1.3333333333333333,1000.0,2976.0,76.0,nan,76.0
eval,e,dataset_videos_evaluate\e\e_ae06cd4c-a37e-42dd-9c1c-ba647119eee9.mp4,1.0,0.0,0.6,0.6,0.0,0.24396735317830143,0.41371438834402297,0.41007513536347284,0.17085050184258355,0.7600545035468207,0.6344205856323242,0.5346801346801345,0.0,0.001763668430335097,640.0,480.0,1.3333333333333333,1000.0,2944.0,73.0,nan,73.0
eval,e,dataset_videos_evaluate\e\e_dbceb327-a4d7-42cc-adda-aef209de8b96.mp4,1.0,0.0,0.6,0.6,0.0,0.24396735317830143,0.41371438834402297,0.41007513536347284,0.17085050184258355,0.7600545035468207,0.6344205856323242,0.5346801346801345,0.0,0.001763668430335097,640.0,480.0,1.3333333333333333,1000.0,2944.0,73.0,nan,73.0
eval,i,dataset_videos_evaluate\i\i_c1ec32a1-112f-4ef8-bb01-d9131cdba27d.mp4,1.0,0.0,0.6888888888888889,0.6888888888888889,0.0,0.49189331157658656,0.6067474987771776,0.7630059607326984,0.465808886156186,0.3960690536432796,0.4145221200254228,0.5461279461279457,0.007680491551459293,0.01075268817204301,640.0,480.0,1.3333333333333333,30.235162374020156,90.0,90.0,2.9766666666666666,90.0
eval,t,dataset_videos_evaluate\t\t_10a4a9c4-7981-475a-af37-d2620c714f39.mp4,1.0,0.0,0.7333333333333333,0.7333333333333333,0.0,0.3922290669502805,0.4662583006752862,0.6503073977099525,0.3080835805886153,0.6511019951767392,0.33629473315344915,0.5084175084175085,0.0,0.0,640.0,480.0,1.3333333333333333,1000.0,2976.0,90.0,nan,90.0
eval,t,dataset_videos_evaluate\t\t_2f513fb3-c35b-4f9b-86fb-395af69dff4d.mp4,1.0,0.0,0.7111111111111111,0.7111111111111111,0.0,0.37026170724893304,0.44736812114715574,0.6480361123879751,0.2934521502322397,0.653050367699729,0.35032307240698074,0.5158249158249159,0.0,0.0,640.0,480.0,1.3333333333333333,1000.0,2976.0,90.0,nan,90.0
eval,t,dataset_videos_evaluate\t\t_94d6a823-76cc-4314-ac6b-ae7e1b82960f.mp4,1.0,0.0,0.7111111111111111,0.7111111111111111,0.0,0.30263839324687186,0.36249514122804005,0.5142409616046482,0.1912419372409128,0.715841743018892,0.458727541897032,0.5090909090909093,0.0,0.0,640.0,480.0,1.3333333333333333,62.5,185.0,90.0,2.96,90.0
eval,v,dataset_videos_evaluate\v\v_a4fc1a6f-5fd5-40cd-8a80-3ad161211558.mp4,1.0,0.0,0.6888888888888889,0.6888888888888889,0.0,0.4668918904419664,0.6114004068904453,0.6894652954406209,0.4214496966466617,0.3831093619267146,0.4126874778005812,0.6457912457912452,0.0,0.0,640.0,480.0,1.3333333333333333,30.0,90.0,90.0,3.0,90.0
